Code ISIN;Catégorie Morningstar;Libellé du fonds;Société de gestion;Risque (SRI);Frais UC (B) %;Frais contrat (C) %;Frais totaux (B+C) %;Page
LU1890809996;ALLOCATION D'ACTIFS EUR MODEREE;ABN AMRO Funds - NexGen Multi-Asset A EUR Capitalisation;ABN AMRO Investment Solutions;3;1,74;0,5;2,24;1
LU0235308482;ACTIONS EUROPE GDES CAP. MIXTE;Alken Fund - European Opportunities Class R;AFFM S.A;5;1,86;0,5;2,36;1
FR0010237503;ACTIONS EUROPE GDES CAP. MIXTE;Roche-Brune Europe Valeurs Responsables P;APICIL Asset Management;4;2,03;0,5;2,53;1
FR0010283838;ACTIONS EUROPE ZONE EURO;Roche-Brune Euro Valeurs Responsables P;APICIL Asset Management;4;1,77;0,5;2,27;1
LU0216734045;ACTIONS SECTEUR IMMOBILIER;AXA World Funds - Europe Real Estate A Capitalisation EUR;AXA Funds Management S.A.;5;1,76;0,5;2,26;1
LU1529780493;ACTIONS SECTEUR TECHNOLOGIES;AXA World Funds - Robotech A Distribution EUR;AXA Funds Management S.A.;5;1,75;0,5;2,25;1
LU0231459107;ACTIONS ASIE-PACIFIQUE HORS JAPON;abrdn SICAV I - Asian Smaller Companies Fund A Acc USD;Aberdeen Standard Investments Luxembourg S.A.;4;1,94;0,5;2,44;1
LU0231490524;ACTIONS MARCHÉS EMERGENTS ASIE;abrdn SICAV I - Indian Equity Fund A Acc USD;Aberdeen Standard Investments Luxembourg S.A.;4;1,92;0,5;2,42;1
LU0278937759;ACTIONS MARCHÉS EMERGENTS PETITES & MOY. CAP.;abrdn SICAV I - Emerging Markets Smaller Companies Fund A Acc USD;Aberdeen Standard Investments Luxembourg S.A.;4;1,95;0,5;2,45;1
FR0000975880;ACTIONS FRANCE;Allianz Actions Aéquitas R C/D;Allianz Global Investors GmbH;4;1,8;0,5;2,3;1
FR0000017329;ACTIONS EUROPE GDES CAP. MIXTE;Allianz Valeurs Durables RC;Allianz Global Investors GmbH;4;1,79;0,5;2,29;2
LU0256839274;ACTIONS EUROPE GDES CAP. CROISSANCE;Allianz Global Investors Fund - Allianz Europe Equity Growth AT EUR;Allianz Global Investors GmbH;5;1,85;0,5;2,35;2
LU0293315296;ACTIONS EUROPE PETITES & MOY. CAP.;Allianz Europe Small Cap Equity AT EUR;Allianz Global Investors GmbH;4;2,05;0,5;2,55;2
LU1143164405;ACTIONS JAPON;Allianz Global Investors Fund - Allianz Japan Equity AT (H-EUR);Allianz Global Investors GmbH;4;1,86;0,5;2,36;2
LU1548497772;THEMATIQUES INTELLIGENCE ARTIFICIELLE;Allianz Global Investors Fund - Allianz Global Artificial Intelligence AT (H2-EUR);Allianz Global Investors GmbH;5;2,1;0,5;2,6;2
FR0010286005;ACTIONS EUROPE ZONE EURO;Sextant PEA A;Amiral Gestion;4;2,2;0,5;2,7;2
FR0010547869;ACTIONS FRANCE PETITES & MOY. CAP.;Sextant PME A;Amiral Gestion;4;2,2;0,5;2,7;2
FR0011050863;ACTIONS SECTEUR TECHNOLOGIES;Sextant Tech A;Amiral Gestion;4;1,03;0,5;1,53;2
FR001400CEG4;ACTIONS MONDE GDES CAP.;Sextant Quality Focus A;Amiral Gestion;4;0,25;0,5;0,75;2
FR0000979221;ACTIONS FRANCE;Valeur Intrinsèque P;Amplegest;4;2,25;0,5;2,75;2
FR0010375600;ACTIONS EUROPE GDES CAP. MIXTE;Amplegest Pricing Power AC;Amplegest;4;2,35;0,5;2,85;2
FR0010655712;ACTIONS EUROPE ZONE EURO;Amundi ETF Dax UCITS ETF DR;Amundi;4;17,94;0,5;18,44;2
FR0010930644;SECTEUR TRANSITION ENERGETIQUE;AMUNDI GLOBAL HYDROGEN UCITS ETF - Acc;Amundi;5;16,06;0,5;16,56;2
FR0007052782;ACTIONS FRANCE;Amundi CAC 40 UCITS ETF Dist;Amundi Asset Management;4;2,14;0,5;2,64;2
FR0007056841;ACTIONS ETATS-UNIS GDES CAP. MIXTE;Amundi Dow Jones Industrial Average UCITS ETF Dist;Amundi Asset Management;4;0,5;0,5;1;2
FR0010315770;ACTIONS MONDE GDES CAP.;Amundi MSCI World II UCITS ETF Dist;Amundi Asset Management;4;0,3;0,5;0,8;2
FR0010342592;ACTIONS ETATS-UNIS GDES CAP. MIXTE;Amundi Nasdaq-100 Daily (2x) Leveraged UCITS ETF Acc;Amundi Asset Management;6;0,6;0,5;1,1;3
FR0010468983;ACTIONS EUROPE ZONE EURO;Amundi EURO STOXX 50 Daily (2x) Leveraged UCITS ETF Acc;Amundi Asset Management;6;0,4;0,5;0,9;3
FR0010524777;SECTEUR TRANSITION ENERGETIQUE;Amundi MSCI New Energy UCITS ETF Dist;Amundi Asset Management;5;7,37;0,5;7,87;3
FR0010527275;THEMATIQUES WATER;Amundi MSCI Water UCITS ETF Dist;Amundi Asset Management;4;11,84;0,5;12,34;3
FR0010592014;ACTIONS FRANCE;Amundi CAC 40 Daily (2x) Leveraged UCITS ETF Acc;Amundi Asset Management;6;0,4;0,5;0,9;3
FR0013380607;ACTIONS FRANCE;Amundi CAC 40 UCITS ETF Acc;Amundi Asset Management;4;0,25;0,5;0,75;3
FR0014003N93;ACTIONS MONDE GDES CAP.;Amundi MSCI World Swap II UCITS ETF EUR Hedged Acc;Amundi Asset Management;4;0,3;0,5;0,8;3
LU0496786574;ACTIONS ETATS-UNIS GDES CAP. MIXTE;Amundi S&P 500 II UCITS ETF EUR Dist;Amundi Asset Management;4;32,52;0,5;33,02;3
LU0533032859;ACTIONS SECTEUR FINANCIER;Amundi MSCI World Financials UCITS ETF EUR Acc;Amundi Asset Management;4;33,82;0,5;34,32;3
LU0533033238;ACTIONS SECTEUR SANTE;Amundi MSCI World Health Care UCITS ETF EUR Acc;Amundi Asset Management;4;7,32;0,5;7,82;3
LU0533033667;ACTIONS SECTEUR TECHNOLOGIES;Amundi MSCI World Information Technology UCITS ETF EUR Acc;Amundi Asset Management;5;0,3;0,5;0,8;3
LU0959211326;ACTIONS ETATS-UNIS GDES CAP. MIXTE;Amundi Core S&P 500 Swap UCITS ETF EUR Hedged Acc;Amundi Asset Management;4;0,07;0,5;0,57;3
LU1650492330;ACTIONS ROYAUME-UNI;Amundi FTSE 100 UCITS ETF EUR Hedged Acc;Amundi Asset Management;4;0,3;0,5;0,8;3
LU1829221024;ACTIONS ETATS-UNIS GDES CAP. CROISSANCE;Amundi Nasdaq-100 II UCITS ETF Acc;Amundi Asset Management;5;35,62;0,5;36,12;3
LU1834986900;ACTIONS SECTEUR SANTE;Amundi STOXX Europe 600 Healthcare UCITS ETF Acc;Amundi Asset Management;4;5,03;0,5;5,53;3
LU1834987890;ACTIONS SECTEUR BIENS INDUSTRIELS;Amundi STOXX Europe 600 Industrials UCITS ETF Acc;Amundi Asset Management;4;15,73;0,5;16,23;4
LU1834988278;ACTIONS SECTEUR ENERGIE;Amundi STOXX Europe 600 Energy Screened UCITS ETF Acc;Amundi Asset Management;5;1,88;0,5;2,38;4
LU1834988518;ACTIONS SECTEUR TECHNOLOGIES;Amundi STOXX Europe 600 Technology UCITS ETF Acc;Amundi Asset Management;5;8,02;0,5;8,52;4
LU1900066207;ACTIONS BRÉSIL;Amundi MSCI Brazil UCITS ETF Acc;Amundi Asset Management;6;0,65;0,5;1,15;4
LU1900068914;ACTIONS CHINE;Amundi MSCI China ESG Selection Extra UCITS ETF Acc;Amundi Asset Management;5;0,65;0,5;1,15;4
LU1954152853;ACTIONS ETATS-UNIS GDES CAP. CROISSANCE;Amundi Nasdaq-100 II UCITS ETF EUR Hedged Acc;Amundi Asset Management;5;0,3;0,5;0,8;4
LU2023678878;THEMATIQUES TECHNOLOGIE;Amundi MSCI Digital Economy UCITS ETF Acc;Amundi Asset Management;5;32,71;0,5;33,21;4
FR0010188383;ACTIONS MARCHÉS EMERGENTS;AMUNDI ACTIONS EMERGENTS - P (C);Amundi Asset Management;4;2,07;0,5;2,57;4
FR0010478768;ACTIONS SECTEUR MATIERES PREMIERES;AMUNDI ACTIONS RESSOURCES NATURELLES - P (C);Amundi Asset Management;4;2,41;0,5;2,91;4
FR0013216207;THEMATIQUES WATER;AMUNDI - KBI AQUA (C);Amundi Asset Management;4;1,6;0,5;2,1;4
FR0000944696;ACTIONS FRANCE;AMUNDI ACTIONS FRANCE SELECT - P (C);Amundi Asset Management;4;1,3;0,5;1,8;4
LU1437025023;ACTIONS ROYAUME-UNI;Amundi MSCI UK IMI SRI Climate Paris Aligned - UCITS ETF DR - EUR (C);Amundi Luxembourg S.A.;4;12,06;0,5;12,56;4
LU1602144732;ACTIONS JAPON;Amundi MSCI Japan ESG Broad Transition UCITS ETF EUR Acc;Amundi Luxembourg S.A.;4;11,74;0,5;12,24;4
LU1602144906;ACTIONS PACIFIQUE EX-JAPON;Amundi MSCI Pacific Ex Japan SRI Climate Paris Aligned - UCITS ETF DR - EUR (C);Amundi Luxembourg S.A.;4;5,11;0,5;5,61;4
LU1681038672;ACTIONS ETATS-UNIS PETITES CAP.;AMUNDI RUSSELL 2000 UCITS ETF - EUR (C);Amundi Luxembourg S.A.;5;18,71;0,5;19,21;5
LU1681039480;IMMOBILIER - INDIRECT EUROPE;AMUNDI FTSE EPRA EUROPE REAL ESTATE UCITS ETF - EUR (C);Amundi Luxembourg S.A.;5;3,55;0,5;4,05;5
LU1681043086;ACTIONS MARCHÉS EMERGENTS ASIE;Amundi MSCI India UCITS ETF - EUR (C);Amundi Luxembourg S.A.;4;0,8;0,5;1,3;5
LU1681043599;ACTIONS MONDE GDES CAP.;Amundi MSCI World Swap UCITS ETF EUR Acc;Amundi Luxembourg S.A.;4;0,38;0,5;0,88;5
LU1681043912;THEMATIQUES TECHNOLOGIE;Amundi MSCI China Tech UCITS ETF EUR;Amundi Luxembourg S.A.;5;7,93;0,5;8,43;5
LU1681044480;ACTIONS MARCHÉS EMERGENTS ASIE;Amundi MSCI Em Asia UCITS ETF - EUR (C);Amundi Luxembourg S.A.;4;19,81;0,5;20,31;5
LU1681044647;ACTIONS EUROPE DU NORD;Amundi MSCI Nordic UCITS ETF - Eur (C);Amundi Luxembourg S.A.;4;1,84;0,5;2,34;5
LU1681044720;ACTIONS SUISSE;AMUNDI MSCI SWITZERLAND UCITS ETF - EUR (C);Amundi Luxembourg S.A.;4;4,08;0,5;4,58;5
LU1681045024;ACTIONS MARCHÉS EMERGENTS;Amundi MSCI EM Latin America UCITS ETF - EUR (C);Amundi Luxembourg S.A.;5;21,8;0,5;22,3;5
LU1681045370;ACTIONS MARCHÉS EMERGENTS;Amundi MSCI Emerging Markets UCITS ETF - EUR (C);Amundi Luxembourg S.A.;4;13,91;0,5;14,41;5
LU1681046931;ACTIONS FRANCE;AMUNDI CAC 40 ESG UCITS ETF DR - EUR (C);Amundi Luxembourg S.A.;4;3,85;0,5;4,35;5
LU1681047236;ACTIONS EUROPE ZONE EURO;Amundi CORE EURO STOXX 50 UCITS ETF Acc;Amundi Luxembourg S.A.;4;11,81;0,5;12,31;5
LU1681048630;ACTIONS SECTEUR BIENS DE CONSOMMATION;Amundi Global Luxury UCITS ETF - EUR (C);Amundi Luxembourg S.A.;5;0,25;0,5;0,75;5
LU1681048804;ACTIONS ETATS-UNIS GDES CAP. MIXTE;AMUNDI S&P 500 UCITS ETF - EUR (C);Amundi Luxembourg S.A.;4;33,99;0,5;34,49;5
LU1834983477;ACTIONS SECTEUR BANCAIRE;Amundi STOXX Europe 600 Banks UCITS ETF Acc;Amundi Luxembourg S.A.;5;0,3;0,5;0,8;5
LU1861132840;THEMATIQUES INTELLIGENCE ARTIFICIELLE;Amundi MSCI Robotics & AI UCITS ETF Acc;Amundi Luxembourg S.A.;5;22,7;0,5;23,2;5
LU1861137484;ACTIONS EUROPE GDES CAP. MIXTE;Amundi MSCI Europe SRI Climate Paris Aligned - UCITS ETF DR (C);Amundi Luxembourg S.A.;4;8,2;0,5;8,7;6
LU1861138961;ACTIONS MARCHÉS EMERGENTS;Amundi MSCI Emerging Markets SRI Climate Paris Aligned - UCITS ETF DR (C);Amundi Luxembourg S.A.;4;11,66;0,5;12,16;6
LU2037748345;THEMATIQUES TECHNOLOGIE;Amundi MSCI Smart Cities UCITS ETF ACC;Amundi Luxembourg S.A.;4;18,23;0,5;18,73;6
LU2611731824;MATIERES PREMIERES - OR;AMUNDI NYSE ARCA GOLD BUGS UCITS ETF DIST;Amundi Luxembourg S.A.;6;20,7;0,5;21,2;6
LU0201575346;ACTIONS MARCHÉS EMERGENTS;AMUNDI FUNDS LATIN AMERICA EQUITY - A USD (C);Amundi Luxembourg S.A.;5;2,08;0,5;2,58;6
LU1883854868;ACTIONS ETATS-UNIS GDES CAP. CROISSANCE;AMUNDI FUNDS US EQUITY FUNDAMENTAL GROWTH - E2 EUR (C);Amundi Luxembourg S.A.;4;1,78;0,5;2,28;6
FR0013261765;ACTIONS SECTEUR SANTE;Athymis Better Life P;Athymis Gestion;4;1,8;0,5;2,3;6
FR0013300662;ACTIONS EUROPE ZONE EURO PETITES & MOY. CAP.;IDAM Small Euro C;Auris Gestion;4;0,35;0,5;0,85;6
LU2733471192;OBLIGATIONS EURO HAUT RENDEMENT;Auris European Evolution SRI A EUR Cap;Auris Gestion;4;2,7;0,5;3,2;6
FR0000447864;ACTIONS FRANCE;AXA France Opportunités - A;Axa Investment Managers Paris;4;1,76;0,5;2,26;6
FR0010011171;MATIERES PREMIERES - OR;AXA Or et Matières Premières;Axa Investment Managers Paris;5;1,49;0,5;1,99;6
LU1876459303;ACTIONS SECTEUR BANCAIRE;Axiom European Banks Equity RC EUR(v);Axiom Alternative Investments;6;2,78;0,5;3,28;6
FR0010651224;ACTIONS EUROPE GDES CAP. MIXTE;BDL Convictions C;BDL Capital Management;5;2,05;0,5;2,55;6
FR0010077412;ACTIONS SECTEUR SANTE;BNP Paribas Développement Humain Classic;BNP Paribas Asset Management France;4;1,47;0,5;1,97;6
LU1377382368;THEMATIQUES CLIMAT;BNP Paribas Easy Low Carbon 100 Europe PAB® UCITS ETF;BNP Paribas Asset Management Luxembourg;4;6,8;0,5;7,3;6
LU2194447293;THEMATIQUES WATER;BNP PARIBAS EASY - ECPI Global ESG Blue Economy UCITS ETF Cap;BNP Paribas Asset Management Luxembourg;4;0,25;0,5;0,75;7
LU0212196652;ACTIONS ETATS-UNIS MOYENNES CAP.;BNP Paribas Funds US Mid CapClassic H EURR;BNP Paribas Asset Management Luxembourg;4;2,23;0,5;2,73;7
LU0265293521;ACTIONS TURQUIE;BNP Paribas Funds Turkey EquityClassicR;BNP Paribas Asset Management Luxembourg;6;2,23;0,5;2,73;7
LU0823411706;ACTIONS SECTEUR BIENS DE CONSOMMATION;BNP Paribas Funds Consumer InnovatorsClassic Capitalisation;BNP Paribas Asset Management Luxembourg;5;1,98;0,5;2,48;7
LU0823434237;ACTIONS ETATS-UNIS GDES CAP. CROISSANCE;BNP Paribas Funds US Growth Classic EURR;BNP Paribas Asset Management Luxembourg;5;1,98;0,5;2,48;7
LU0950372838;ACTIONS EUROPE DU NORD PETITES & MOY. CAP.;BNP Paribas Funds Nordic Small Cap Classic Capitalisation;BNP Paribas Asset Management Luxembourg;5;2,23;0,5;2,73;7
LU1165135440;THEMATIQUES WATER;BNP Paribas Funds Aqua Classic Capitalisation;BNP Paribas Asset Management Luxembourg;4;2,23;0,5;2,73;7
LU2607531345;ACTIONS ETATS-UNIS GDES CAP. MIXTE;BNP Paribas Easy MSCI USA SRI PAB Track Privilege EUR Capitalisation;BNP Paribas Asset Management Luxembourg;4;0,25;0,5;0,75;7
IE0004866889;ACTIONS CHINE;Barings International Umbrella Fund - Barings Hong Kong China Fund Class A EUR Inc;Baring International Fund Managers (Ireland) Limited;5;1,7;0,5;2,2;7
IE00BF20LF40;ACTIONS EUROPE MOYENNES CAP.;iShares MSCI Europe Mid Cap UCITS ETF EUR (Acc);BlackRock Asset Management Ireland Limited;4;0,15;0,5;0,65;7
IE00BG0J4C88;ACTIONS SECTEUR TECHNOLOGIES;iShares Digital Security UCITS ETF USD Acc;BlackRock Asset Management Ireland Limited;4;22,77;0,5;23,27;7
IE00BYZK4776;ACTIONS SECTEUR SANTE;iShares Healthcare Innovation UCITS ETF USD (Acc);BlackRock Asset Management Ireland Limited;4;0,4;0,5;0,9;7
IE00BYZK4883;THEMATIQUES TECHNOLOGIE;iShares Digitalisation UCITS ETF USD (Acc);BlackRock Asset Management Ireland Limited;5;0,4;0,5;0,9;7
LU0075056555;ACTIONS SECTEUR MATIERES PREMIERES;BlackRock Global Funds - World Mining Fund A2;Blackrock (Luxembourg) S.A.;5;2,07;0,5;2,57;8
LU0093502762;ACTIONS EUROPE ZONE EURO;BlackRock Global Funds - Euro-Markets Fund A2;Blackrock (Luxembourg) S.A.;4;1,82;0,5;2,32;8
LU0124384867;SECTEUR TRANSITION ENERGETIQUE;BlackRock Global Funds - Sustainable Energy Fund A2;Blackrock (Luxembourg) S.A.;5;1,97;0,5;2,47;8
LU0171289498;ACTIONS MARCHÉS EMERGENTS;BlackRock Global Funds - Latin American Fund A2;Blackrock (Luxembourg) S.A.;5;2,08;0,5;2,58;8
LU0171298648;ACTIONS ETATS-UNIS MOYENNES CAP.;BlackRock Global Funds - US Mid-Cap Value Fund A2;Blackrock (Luxembourg) S.A.;4;1,83;0,5;2,33;8
LU0171301533;ACTIONS SECTEUR ENERGIE;BlackRock Global Funds - World Energy Fund A2;Blackrock (Luxembourg) S.A.;5;2,06;0,5;2,56;8
LU0171305526;ACTIONS SECTEUR ENERGIE;BlackRock Global Funds - World Gold Fund A2;Blackrock (Luxembourg) S.A.;5;2,07;0,5;2,57;8
LU0171306680;MATIERES PREMIERES - OR;BlackRock Global Funds - World Gold Fund E2;Blackrock (Luxembourg) S.A.;5;2,56;0,5;3,06;8
LU0171310443;ACTIONS SECTEUR TECHNOLOGIES;BlackRock Global Funds - World Technology Fund A2;Blackrock (Luxembourg) S.A.;5;1,81;0,5;2,31;8
LU0224105477;ACTIONS EUROPE FLEX CAP;BlackRock Global Funds - Continental European Flexible Fund Class A2;Blackrock (Luxembourg) S.A.;4;1,82;0,5;2,32;8
LU0229084990;ACTIONS EUROPE GDES CAP. MIXTE;BlackRock Global Funds - European Equity Transition Fund A2;Blackrock (Luxembourg) S.A.;4;1,83;0,5;2,33;8
LU0238689110;ACTIONS MONDE GDES CAP.;BlackRock Sustainable Global Funds - Sustainable Global Dynamic Equity Fund A2;Blackrock (Luxembourg) S.A.;4;1,83;0,5;2,33;8
LU0326424115;ACTIONS SECTEUR MATIERES PREMIERES;BlackRock Global Funds - World Mining Fund A2 EUR Hedged;Blackrock (Luxembourg) S.A.;5;2,07;0,5;2,57;8
LU0359201455;ACTIONS CHINE;BlackRock Global Funds - China Fund A2 EUR Hedged;Blackrock (Luxembourg) S.A.;5;1,83;0,5;2,33;9
LU2719174067;ACTIONS MARCHÉS EMERGENTS;BlackRock Global Funds - Emerging Markets Ex- China Fund A2 Hedged EUR Acc;Blackrock (Luxembourg) S.A.;4;1,88;0,5;2,38;9
BE0058652646;ACTIONS MONDE GDES CAP.;DPAM B - Equities World Sustainable B Cap;CA lndosuez Fund Solutions S.A.;4;1,74;0,5;2,24;9
BE0946564383;ACTIONS MONDE GDES CAP.;DPAM B - Equities NewGems Sustainable B Cap;CA lndosuez Fund Solutions S.A.;4;1,76;0,5;2,26;9
FR0010469312;ACTIONS JAPON;CPR Actions Japon Select - P (C);CPR Asset Management;4;1,1;0,5;1,6;9
FR0010836163;ACTIONS THEMATIQUES;CPR Silver Age - P;CPR Asset Management;4;1,62;0,5;2,12;9
FR0013532710;ACTIONS FRANCE;CPR Ambition France - P;CPR Asset Management;4;1,52;0,5;2,02;9
LU1653748860;ACTIONS THEMATIQUES;CPR Invest - Food For Generations - A EUR - Acc;CPR Asset Management;3;1,85;0,5;2,35;9
LU1902443420;ACTIONS SECTEUR ECOLOGIE;CPR Invest - Climate Action - A EUR - Acc;CPR Asset Management;4;1,95;0,5;2,45;9
LU2389405080;SECTEUR TRANSITION ENERGETIQUE;CPR Invest - Hydrogen - A EUR - Acc;CPR Asset Management;4;1,85;0,5;2,35;9
LU2570611322;ACTIONS EUROPE GDES CAP. MIXTE;CPR Invest - European Strategic Autonomy - A EUR - Acc;CPR Asset Management;4;1,85;0,5;2,35;9
LU0108459040;ACTIONS SECTEUR SANTE;Candriam Equities L Biotechnology Class C USD Cap;Candriam;5;1,98;0,5;2,48;9
LU1313771856;ACTIONS EUROPE GDES CAP. MIXTE;Candriam Sustainable Equity Europe C Acc EUR;Candriam;4;1,88;0,5;2,38;9
LU1864481467;ACTIONS SECTEUR SANTE;Candriam Equities L Oncology C USD Cap;Candriam;4;1,95;0,5;2,45;9
LU1864481624;ACTIONS SECTEUR SANTE;Candriam Equities L Oncology Fund Class CH EUR Cap;Candriam;4;1,95;0,5;2,45;9
FR0010148981;ACTIONS MONDE GDES CAP.;Carmignac Investissement A EUR acc;Carmignac Gestion;4;1,5;0,5;2;10
FR0010149302;ACTIONS MARCHÉS EMERGENTS;Carmignac Emergents A EUR acc;Carmignac Gestion;4;1,5;0,5;2;10
LU0099161993;ACTIONS EUROPE GDES CAP. MIXTE;Carmignac Portfolio - Grande Europe A EUR Acc;Carmignac Gestion Luxembourg;4;1,8;0,5;2,3;10
LU0336083810;ACTIONS MARCHÉS EMERGENTS PETITES & MOY. CAP.;Carmignac Portfolio - Emerging Discovery A EUR Acc;Carmignac Gestion Luxembourg;4;2,3;0,5;2,8;10
LU1100076550;ACTIONS EUROPE GDES CAP. MIXTE;Clartan Valeurs C;Clartan Associés;4;2,01;0,5;2,51;10
LU1100076808;ACTIONS EUROPE GDES CAP. MIXTE;Clartan Europe C;Clartan Associés;4;2,1;0,5;2,6;10
IE0004766014;ACTIONS EUROPE PETITES & MOY. CAP.;Comgest Growth Europe Smaller Compagnies;Comgest Asset Management International Limited;4;1,58;0,5;2,08;10
IE00B03DF997;ACTIONS MARCHÉS EMERGENTS ASIE;Comgest Growth India Usd Acc;Comgest Asset Management International Limited;4;1,97;0,5;2,47;10
IE00B4ZJ4188;ACTIONS EUROPE GDES CAP. CROISSANCE;Comgest Growth PLC - Comgest Growth Eurp Opportunities EUR Cap;Comgest Asset Management International Limited;4;1,57;0,5;2,07;10
IE00B4ZJ4634;ACTIONS EUROPE GDES CAP. CROISSANCE;COMGEST GROWTH EUROPE S EUR ACC;Comgest Asset Management International Limited;4;2,22;0,5;2,72;10
IE00B6X2JP23;ACTIONS ETATS-UNIS GDES CAP. CROISSANCE;COMGEST GROWTH AMERICA - EUR R Acc;Comgest Asset Management International Limited;4;2,07;0,5;2,57;10
IE00BD1DJ122;ACTIONS JAPON;Comgest Growth Japan EUR R Acc (EUR);Comgest Asset Management International Limited;4;1,77;0,5;2,27;10
IE00BYYLQ314;ACTIONS MONDE GDES CAP.;Comgest Growth World EUR Dis;Comgest Asset Management International Limited;4;1,88;0,5;2,38;10
FR0007450002;ACTIONS ASIE-PACIFIQUE HORS JAPON;CG Nouvelle Asie;Comgest S.A.;4;2,26;0,5;2,76;10
FR0000284689;ACTIONS MONDE GDES CAP.;Comgest Monde;Comgest S.A.;4;1,98;0,5;2,48;10
FR0000292278;ACTIONS MARCHÉS EMERGENTS;Magellan C;Comgest S.A.;4;1,74;0,5;2,24;10
FR0000295230;ACTIONS EUROPE GDES CAP. MIXTE;Renaissance Europe;Comgest S.A.;4;1,75;0,5;2,25;11
FR0007390174;MATIERES PREMIERES - OR;CM-AM SICAV - CM- AM Global Gold RC;Crédit Mutuel Asset Management;5;2;0,5;2,5;11
FR0012316180;ACTIONS EUROPE ZONE EURO;DNCA Opportunités Zone Euro C;DNCA Finance;4;2;0,5;2,5;11
LU0284396289;ACTIONS EUROPE GDES CAP. 'VALUE';DNCA Invest Value Europe B EUR;DNCA Finance;4;2,2;0,5;2,7;11
LU0870553459;ACTIONS EUROPE GDES CAP. CROISSANCE;DNCA INVEST – SRI Europe Growth B;DNCA Finance;4;2,53;0,5;3,03;11
LU1366712518;ACTIONS EUROPE MOYENNES CAP.;DNCA INVEST ARCHER MID-CAP EUROPE;DNCA Finance;4;2,14;0,5;2,64;11
LU2254337392;THEMATIQUES CLIMAT;DNCA Invest Beyond Climate;DNCA Finance;4;1,97;0,5;2,47;11
DE0009848119;ACTIONS SECTEUR DIVIDENDES;DWS Top Dividende LD;DWS Investment GmbH;3;1,45;0,5;1,95;11
LU0273158872;ACTIONS SECTEUR MATIERES PREMIERES;DWS Invest Global Agribusiness LC;DWS Investment S.A.;4;1,63;0,5;2,13;11
FR0010158048;ACTIONS EUROPE GDES CAP. MIXTE;Dorval Drivers Europe R C;Dorval Asset Management;4;2,22;0,5;2,72;11
FR0011645621;ACTIONS EUROPE HORS UK PETITES & MOY. CAP.;Dorval Drivers Smid Continental Europe RC;Dorval Asset Management;4;2,1;0,5;2,6;11
LU0332315042;ACTIONS MARCHÉS EMERGENTS EUROPE;East Capital New Europe A EUR;East Capital Asset Management S.A.;4;2,4;0,5;2,9;11
FR0010592022;ACTIONS THEMATIQUES;Ecofi Enjeux Futurs C;Ecofi Investissements;4;2;0,5;2,5;11
FR0000004970;ACTIONS THEMATIQUES;Ecofi Smart Transition R;Ecofi Investissements;5;1,8;0,5;2,3;11
LU0304955437;ACTIONS ETATS-UNIS GDES CAP. CROISSANCE;Edgewood L Select - US Select Growth A EUR;Edgewood Management LLC;5;1,89;0,5;2,39;11
FR0010505578;ACTIONS EUROPE ZONE EURO;EdR SICAV - Euro Sustainable Equity A EUR;Edmond de Rothschild Asset Management (France);4;2,05;0,5;2,55;11
FR0010588343;ACTIONS FRANCE;EdR SICAV - Tricolore Convictions A EUR;Edmond de Rothschild Asset Management (France);4;2,1;0,5;2,6;11
FR0013428927;THEMATIQUES CLIMAT;EdR SICAV - Green New Deal A EUR;Edmond de Rothschild Asset Management (France);4;1,85;0,5;2,35;11
LU1160356009;ACTIONS SECTEUR SANTE;Edmond de Rothschild Fund - Healthcare A EUR;Edmond de Rothschild Asset Management (Luxembourg);4;2,17;0,5;2,67;12
LU1160365091;ACTIONS CHINE;Edmond de Rothschild Fund - China A EUR;Edmond de Rothschild Asset Management (Luxembourg);5;2,17;0,5;2,67;12
LU1244893696;THEMATIQUES TECHNOLOGIE;Edmond de Rothschild Fund - Big Data A-EUR accumulating;Edmond de Rothschild Asset Management (Luxembourg);4;2,06;0,5;2,56;12
FR0000008674;ACTIONS EUROPE GDES CAP. MIXTE;Fidelity Europe (C);FIL Gestion;4;1,9;0,5;2,4;12
LU0048578792;ACTIONS EUROPE GDES CAP. CROISSANCE;Fidelity Funds - European Growth Fund A-EUR;FIL Investment Management (Luxembourg) S.A.;4;1,89;0,5;2,39;12
LU0048580004;ACTIONS EUROPE ZONE EURO;Fidelity Funds - Germany Fund A;FIL Investment Management (Luxembourg) S.A.;4;1,92;0,5;2,42;12
LU0048597586;ACTIONS ASIE-PACIFIQUE HORS JAPON;Fidelity Funds - Asia Equity ESG Fund A- USD;FIL Investment Management (Luxembourg) S.A.;4;1,92;0,5;2,42;12
LU0061175625;ACTIONS EUROPE PETITES & MOY. CAP.;Fidelity Funds - European Smaller Companies Fund A -Eur- Dis;FIL Investment Management (Luxembourg) S.A.;4;1,91;0,5;2,41;12
LU0069450822;ACTIONS ETATS-UNIS GDES CAP. MIXTE;Fidelity Funds - America Fund A EUR;FIL Investment Management (Luxembourg) S.A.;4;1,89;0,5;2,39;12
LU0077335932;ACTIONS ETATS-UNIS GDES CAP. CROISSANCE;Fidelity Funds - American Growth Fund A USD;FIL Investment Management (Luxembourg) S.A.;4;1,91;0,5;2,41;12
LU0099574567;ACTIONS SECTEUR TECHNOLOGIES;Fidelity Funds - Global Technology;FIL Investment Management (Luxembourg) S.A.;4;1,89;0,5;2,39;12
LU0114722498;ACTIONS SECTEUR FINANCIER;Fidelity Funds - Global Financial Services Fund A-EUR;FIL Investment Management (Luxembourg) S.A.;4;1,9;0,5;2,4;12
LU0114722902;ACTIONS SECTEUR BIENS INDUSTRIELS;Fidelity Funds - Global Industrials A EUR;FIL Investment Management (Luxembourg) S.A.;4;1,93;0,5;2,43;12
LU0173614495;ACTIONS CHINE;Fidelity Funds - China Focus Fund A USD;FIL Investment Management (Luxembourg) S.A.;5;1,91;0,5;2,41;12
LU0197230542;ACTIONS MARCHÉS EMERGENTS ASIE;Fidelity Funds - India Focus A EUR;FIL Investment Management (Luxembourg) S.A.;4;1,93;0,5;2,43;13
LU0261946445;ACTIONS ASIE-PACIFIQUE HORS JAPON;Fidelity Funds - Asia Equity ESG Fund A- ACC-EUR;FIL Investment Management (Luxembourg) S.A.;4;1,92;0,5;2,42;13
LU0261959422;ACTIONS EUROPE GDES CAP. CROISSANCE;Fidelity Funds - European Dynamic Grth A-Acc-EUR;FIL Investment Management (Luxembourg) S.A.;4;1,9;0,5;2,4;13
LU0303816705;ACTIONS MARCHÉS EMERGENTS EUROPE;Fidelity Funds - EMEA A EUR (C);FIL Investment Management (Luxembourg) S.A.;5;1,94;0,5;2,44;13
LU0307839646;ACTIONS MARCHÉS EMERGENTS;Fidelity Funds - Emerging Markets A- Eur-Dis;FIL Investment Management (Luxembourg) S.A.;4;1,93;0,5;2,43;13
LU0318931192;ACTIONS CHINE;Fidelity Funds - China Focus Fund A-Acc-EUR;FIL Investment Management (Luxembourg) S.A.;5;1,91;0,5;2,41;13
LU0329678410;ACTIONS MARCHÉS EMERGENTS ASIE;Fidelity Funds - Emerging Asia Fund;FIL Investment Management (Luxembourg) S.A.;4;1,95;0,5;2,45;13
LU0368678339;ACTIONS PACIFIQUE EX-JAPON;Fidelity Funds - Pacific Fund A-Acc-EUR;FIL Investment Management (Luxembourg) S.A.;4;1,94;0,5;2,44;13
LU1261432659;ACTIONS MONDE GDES CAP.;Fidelity Funds - World Fund A-Acc-EUR;FIL Investment Management (Luxembourg) S.A.;4;1,89;0,5;2,39;13
LU2219351876;ACTIONS EUROPE ZONE EURO;Fidelity Funds - Sustainable Eurozone Eq Fd A-EUR D;FIL Investment Management (Luxembourg) S.A.;4;1,92;0,5;2,42;13
FR0000987968;ACTIONS JAPON;Arkéa Indiciel Japon P;Federal Finance Gestion;5;1;0,5;1,5;13
FR0000988057;ACTIONS ETATS-UNIS GDES CAP. MIXTE;Arkéa Indiciel US P;Federal Finance Gestion;4;1,2;0,5;1,7;13
IE00BFY85L07;ACTIONS ASIE-PACIFIQUE HORS JAPON;Stewart Investors Asia Pacific Leaders Fund Class I EUR (Accumulation);First Sentier Investors (Hong Kong) limited;4;1,54;0,5;2,04;13
LU0093666013;ACTIONS EUROPE GDES CAP. MIXTE;Templeton European Insights Fund Class A (acc) EUR;Franklin Templeton International Services S.à r.l.;4;1,87;0,5;2,37;13
LU0128522157;ACTIONS ASIE-PACIFIQUE HORS JAPON;Templeton Asian Growth Fund A(acc)USD;Franklin Templeton International Services S.à r.l.;4;2,18;0,5;2,68;14
LU0140362707;ACTIONS ETATS-UNIS GDES CAP. 'VALUE';Franklin Mutual U.S. Value Fund A(acc)EUR;Franklin Templeton International Services S.à r.l.;4;1,84;0,5;2,34;14
LU0140363002;ACTIONS EUROPE GDES CAP. 'VALUE';Franklin Mutual European Fund A(acc)EUR;Franklin Templeton International Services S.à r.l.;4;1,84;0,5;2,34;14
LU0140363697;ACTIONS SECTEUR TECHNOLOGIES;Franklin Technology Fund N (Acc) EUR;Franklin Templeton International Services S.à r.l.;5;2,56;0,5;3,06;14
LU0229940001;ACTIONS ASIE-PACIFIQUE HORS JAPON;Templeton Asian Growth Fund A(acc)EUR;Franklin Templeton International Services S.à r.l.;4;2,18;0,5;2,68;14
LU0231205187;ACTIONS MARCHÉS EMERGENTS ASIE;Franklin India Fund A(acc)EUR;Franklin Templeton International Services S.à r.l.;4;1,83;0,5;2,33;14
LU0260869739;ACTIONS ETATS-UNIS GDES CAP. CROISSANCE;Franklin U.S. Opportunities Fund A(acc)EUR;Franklin Templeton International Services S.à r.l.;5;1,81;0,5;2,31;14
LU0390135415;ACTIONS ASIE-PACIFIQUE HORS JAPON;Templeton Asian Smaller Companies Fund A(acc)EUR;Franklin Templeton International Services S.à r.l.;4;2,22;0,5;2,72;14
LU0390137031;ACTIONS MARCHÉS EMERGENTS;Templeton Frontier Markets Fund A(acc)EUR;Franklin Templeton International Services S.à r.l.;3;2,54;0,5;3,04;14
LU0496367763;MATIERES PREMIERES - OR;Franklin Gold & Precious Metals Fund A(acc)EUR;Franklin Templeton International Services S.à r.l.;5;1,83;0,5;2,33;14
FR0011268705;ACTIONS MARCHÉS EMERGENTS ASIE;GemEquity R;Gemway Assets;4;2,1;0,5;2,6;14
FR0010288308;ACTIONS EUROPE ZONE EURO PETITES & MOY. CAP.;Groupama Avenir Euro NC;Groupama Asset Management;5;1,92;0,5;2,42;14
FR0010627851;ACTIONS EUROPE GDES CAP. MIXTE;Groupama Opportunities Europe NC;Groupama Asset Management;4;1,74;0,5;2,24;14
FR0010241240;ACTIONS MONDE GDES CAP.;HMG Globetrotter C;HMG FINANCE;3;2,29;0,5;2,79;14
FR0010601971;ACTIONS FRANCE PETITES & MOY. CAP.;HMG Découvertes C;HMG FINANCE;3;2,17;0,5;2,67;14
FR0000982449;ACTIONS EUROPE GDES CAP. MIXTE;HSBC Responsible Investment Funds - Europe Equity Green Transition AC;HSBC Global Asset Management (France);4;1,6;0,5;2,1;15
FR0010143545;ACTIONS FRANCE;HSBC Actions Patrimoine AC;HSBC Global Asset Management (France);4;1,55;0,5;2,05;15
LU0164865239;ACTIONS CHINE;HSBC Global Investment Funds - Chinese Equity AC;HSBC Investment Funds (Luxembourg) S.A.;5;1,9;0,5;2,4;15
LU0164881194;ACTIONS MARCHÉS EMERGENTS ASIE;HSBC Global Investment Funds - Indian Equity AC;HSBC Investment Funds (Luxembourg) S.A.;4;1,9;0,5;2,4;15
LU0196696453;ACTIONS BRÉSIL;HSBC Global Investment Funds - Brazil Equity AC;HSBC Investment Funds (Luxembourg) S.A.;6;2,15;0,5;2,65;15
LU0466842654;ACTIONS MONDE GDES CAP.;HSBC Islamic Funds - HSBC Islamic Global Equity Index Fund AC;HSBC Investment Funds (Luxembourg) S.A.;4;0,97;0,5;1,47;15
LU0708055370;ACTIONS MARCHÉS EMERGENTS;HSBC Global Investment Funds - Frontier Markets ACEUR;HSBC Investment Funds (Luxembourg) S.A.;4;2,25;0,5;2,75;15
FR0011640986;ACTIONS FRANCE PETITES & MOY. CAP.;Quadrige Rendement France Midcaps C;INOCAP GESTION;4;2,42;0,5;2,92;15
FR0013072097;ACTIONS EUROPE MOYENNES CAP.;Quadrige Europe Midcaps C;INOCAP GESTION;4;2,45;0,5;2,95;15
LU0131510165;ACTIONS FRANCE PETITES & MOY. CAP.;Indépendance AM - France Small & Mid A (C);Indépendance AM;4;2,14;0,5;2,64;15
LU1832174962;ACTIONS EUROPE HORS UK PETITES & MOY. CAP.;Indépendance AM Europe Small A (C);Indépendance AM;4;2,22;0,5;2,72;15
LU0159052710;ACTIONS SECTEUR TECHNOLOGIES;JPM US Technology A (acc) - EUR;JP Morgan Asset Management (Europe) S.à r.l.;5;1,7;0,5;2,2;15
LU0208853274;ACTIONS SECTEUR MATIERES PREMIERES;JPM Funds - Global Natural Resources A EUR (C);JP Morgan Asset Management (Europe) S.à r.l.;5;1,72;0,5;2,22;15
LU0210526637;ACTIONS CHINE;JPM Funds - JF China A (C);JP Morgan Asset Management (Europe) S.à r.l.;5;1,72;0,5;2,22;15
LU0210526801;ACTIONS CHINE;JPM Greater China A;JP Morgan Asset Management (Europe) S.à r.l.;5;1,75;0,5;2,25;15
LU0210527015;ACTIONS MARCHÉS EMERGENTS ASIE;JPM India A;JP Morgan Asset Management (Europe) S.à r.l.;4;1,81;0,5;2,31;16
LU0210528922;ACTIONS ETATS-UNIS PETITES CAP.;JPM US Small Comp Fund A ACC USD;JP Morgan Asset Management (Europe) S.à r.l.;5;1,72;0,5;2,22;16
LU0210530662;ACTIONS EUROPE GDES CAP. MIXTE;JPM Europe Dynamic A (acc) - EUR;JP Morgan Asset Management (Europe) S.à r.l.;4;1,76;0,5;2,26;16
LU0210535034;ACTIONS MARCHÉS EMERGENTS;JPM Funds - Latin America Equity A;JP Morgan Asset Management (Europe) S.à r.l.;5;1,8;0,5;2,3;16
LU0217576759;ACTIONS MARCHÉS EMERGENTS;JPM Funds - Emerging Markets Equity A;JP Morgan Asset Management (Europe) S.à r.l.;4;1,72;0,5;2,22;16
LU0318933057;ACTIONS MARCHÉS EMERGENTS PETITES & MOY. CAP.;JPM Funds - Emerging Markets Small Cap A;JP Morgan Asset Management (Europe) S.à r.l.;4;1,78;0,5;2,28;16
LU0661985969;ACTIONS EUROPE ZONE EURO;JPM Euroland Dynamic A (acc) - EUR;JP Morgan Asset Management (Europe) S.à r.l.;4;1,8;0,5;2,3;16
LU0880062913;ACTIONS SECTEUR SANTE;JPM Global Healthcare A (acc) - EUR;JP Morgan Asset Management (Europe) S.à r.l.;4;1,7;0,5;2,2;16
LU2539333562;ACTIONS MARCHÉS EMERGENTS MOYEN-ORIENT;JPMorgan Funds - Middle East, Africa and Emerging Europe Opportunities Fund A Acc EUR;JP Morgan Asset Management (Europe) S.à r.l.;4;1,78;0,5;2,28;16
LU0088927925;IMMOBILIER - INDIRECT EUROPE;Janus Henderson Horizon Pan European Property Equities Fund A2 EUR;Janus Henderson Investors;5;1,87;0,5;2,37;16
LU0262307480;ACTIONS SECTEUR FINANCIER;Jupiter Financial Innovation Class L EUR Acc;Jupiter Asset Management International S.A.;5;1,73;0,5;2,23;16
FR0011271550;ACTIONS EUROPE GDES CAP. MIXTE;Keren Essentiels C;Keren Finance;4;2;0,5;2,5;16
FR0012020741;ACTIONS EUROPE FLEX CAP;Kirao Multicaps AC;Kirao;4;0,16;0,5;0,66;16
FR0012633311;ACTIONS EUROPE PETITES & MOY. CAP.;Kirao Smallcaps AC;Kirao;4;2,35;0,5;2,85;16
LU1885494549;ACTIONS EUROPE GDES CAP. MIXTE;Valboa - Engagement ISR C;LBO France Gestion;4;2,62;0,5;3,12;17
FR0010321802;ACTIONS EUROPE FLEX CAP;Agressor A;La Financière de l'Echiquier;4;2,26;0,5;2,76;17
FR0010546903;ACTIONS EUROPE ZONE EURO PETITES & MOY. CAP.;Echiquier SMID Blend Euro SRI C;La Financière de l'Echiquier;4;1,88;0,5;2,38;17
FR0010546929;ACTIONS SECTEUR DIVIDENDES;Tocqueville Dividende ISR C;La Financière de l'Echiquier;4;2,05;0,5;2,55;17
FR0010546960;ACTIONS FRANCE;Tocqueville France ISR C;La Financière de l'Echiquier;4;2,05;0,5;2,55;17
FR0010649772;ACTIONS SECTEUR MATIERES PREMIERES;Tocqueville Materials for the Future P;La Financière de l'Echiquier;6;2;0,5;2,5;17
FR0010321810;ACTIONS EUROPE MOYENNES CAP.;Echiquier Agenor Mid Cap Europe A;La Financière de l'Echiquier;4;2,28;0,5;2,78;17
FR0010321828;ACTIONS EUROPE GDES CAP. CROISSANCE;Echiquier Major SRI Growth Europe A;La Financière de l'Echiquier;4;2,39;0,5;2,89;17
FR0010547067;ACTIONS EUROPE GDES CAP. 'VALUE';Echiquier Value Europe P;La Financière de l'Echiquier;5;2,04;0,5;2,54;17
FR0010859769;ACTIONS MONDE GDES CAP.;Echiquier World Equity Growth A;La Financière de l'Echiquier;4;2,25;0,5;2,75;17
FR0010863688;ACTIONS EUROPE GDES CAP. MIXTE;Echiquier Positive Impact Europe A;La Financière de l'Echiquier;4;1,81;0,5;2,31;17
FR0011449602;ACTIONS MONDE GDES CAP.;Echiquier World Next Leaders A;La Financière de l'Echiquier;5;1,67;0,5;2,17;17
LU1819480192;THEMATIQUES INTELLIGENCE ARTIFICIELLE;Echiquier Artificial Intelligence B;La Financière de l'Echiquier;6;1,75;0,5;2,25;17
FR0010262436;ACTIONS FRANCE PETITES & MOY. CAP.;Lazard Small Caps France A;Lazard Frères Gestion;4;1,61;0,5;2,11;17
FR0010380675;ACTIONS MARCHÉS EMERGENTS;Lazard Actions Emergentes R;Lazard Frères Gestion;4;1,95;0,5;2,45;17
FR0010679886;ACTIONS EUROPE ZONE EURO;Lazard Actions Euro - R;Lazard Frères Gestion;4;1,82;0,5;2,32;17
FR0000174310;ACTIONS EUROPE ZONE EURO PETITES & MOY. CAP.;Lazard Small Caps Euro I;Lazard Frères Gestion;4;1,86;0,5;2,36;17
FR0000299356;ACTIONS EUROPE DU NORD;Norden SRI;Lazard Frères Gestion;4;2,07;0,5;2,57;17
LU1665237704;SECTEUR INFRASTRUCTURES;M&G (Lux) Global Listed Infrastructure Fund EUR A Acc;M&G Luxembourg S.A.;4;2,22;0,5;2,72;17
LU1670618690;ACTIONS MARCHÉS EMERGENTS;M&G (Lux) Global Emerging Markets Fund EUR A Acc;M&G Luxembourg S.A.;4;2,02;0,5;2,52;18
LU1670627253;ACTIONS ETATS-UNIS GDES CAP. MIXTE;M&G (Lux) North American Dividend Fund EUR A Acc;M&G Luxembourg S.A.;4;1,83;0,5;2,33;18
LU1670707527;ACTIONS EUROPE GDES CAP. 'VALUE';M&G (Lux) European Strategic Value Fund EUR A Acc;M&G Luxembourg S.A.;4;1,65;0,5;2,15;18
LU1670710075;ACTIONS MONDE GDES CAP.;M&G (Lux) Global Dividend Fund EUR A Acc;M&G Luxembourg S.A.;4;1,91;0,5;2,41;18
LU1670715975;ACTIONS JAPON;M&G (Lux) Japan Smaller Companies Fund EUR A Acc;M&G Luxembourg S.A.;4;1,71;0,5;2,21;18
LU0119620416;ACTIONS MONDE GDES CAP.;Morgan Stanley Investment Funds - Global Brands Fund A;MSIM Fund Management (Ireland) Limited;4;1,72;0,5;2,22;18
LU0225737302;ACTIONS ETATS-UNIS GDES CAP. CROISSANCE;Morgan Stanley Investment Funds - US Advantage Fund A;MSIM Fund Management (Ireland) Limited;6;1,64;0,5;2,14;18
LU0266117414;ACTIONS ETATS-UNIS GDES CAP. CROISSANCE;Morgan Stanley Investment Funds - US Growth Fund AH (EUR);MSIM Fund Management (Ireland) Limited;6;1,67;0,5;2,17;18
LU0384381660;SECTEUR INFRASTRUCTURES;Morgan Stanley Investment Funds - QuantActive Global Infrastructure Fund A;MSIM Fund Management (Ireland) Limited;4;1,75;0,5;2,25;18
LU0552385295;ACTIONS MONDE GDES CAP.;Morgan Stanley Investment Funds - Global Opportunity Fund A;MSIM Fund Management (Ireland) Limited;5;1,84;0,5;2,34;18
LU1378879248;ACTIONS ASIE-PACIFIQUE HORS JAPON;Morgan Stanley Investment Funds - Asia Opportunity Fund AH (EUR);MSIM Fund Management (Ireland) Limited;5;1,92;0,5;2,42;18
LU0308864023;ACTIONS EUROPE GDES CAP. MIXTE;MainFirst Top European Ideas A;MainFirst Affiliated Fund Managers S.A.;4;2;0,5;2,5;18
LU0390221256;ACTIONS EUROPE ZONE EURO;MainFirst Germany Fund A;MainFirst Affiliated Fund Managers S.A.;4;2,02;0,5;2,52;18
LU0864709349;ACTIONS MONDE GDES CAP.;MainFirst Global Equities Fund A;MainFirst Affiliated Fund Managers S.A.;4;1,97;0,5;2,47;18
FR0010396382;ACTIONS EUROPE GDES CAP. MIXTE;Mandarine Equity Income R;Mandarine Gestion;4;2,34;0,5;2,84;19
FR0010657122;ACTIONS EUROPE FLEX CAP;Mandarine Opportunités R;Mandarine Gestion;4;2,27;0,5;2,77;19
LU0489687243;ACTIONS EUROPE PETITES & MOY. CAP.;Mandarine Funds - Mandarine Unique Small & Mid Caps Europe R;Mandarine Gestion;4;2,22;0,5;2,72;19
LU1303940784;ACTIONS EUROPE PETITES & MOY. CAP.;Mandarine Funds - Mandarine Europe Microcap R;Mandarine Gestion;4;2,23;0,5;2,73;19
LU1329694266;ACTIONS MONDE PETITES & MOY. CAP.;Mandarine Funds - Mandarine Global Microcap R;Mandarine Gestion;4;2,27;0,5;2,77;19
LU2052475568;ACTIONS MONDE GDES CAP.;Mandarine Funds - Mandarine Social Leaders R;Mandarine Gestion;4;2,23;0,5;2,73;19
FR0010298596;ACTIONS EUROPE FLEX CAP;Moneta Multi Caps C;Moneta Asset Management;4;1,49;0,5;1,99;19
FR0010591123;ACTIONS EUROPE GDES CAP. MIXTE;Montbleu Etoiles C;Montbleu Finance;4;2,44;0,5;2,94;19
FR0000422859;ACTIONS FRANCE PETITES & MOY. CAP.;Pluvalca Small Caps A;Montpensier Arbevel;4;2,29;0,5;2,79;19
FR0013076528;THEMATIQUES TECHNOLOGIE;PLUVALCA DISRUPTIVE OPPORTUNITIES - A;Montpensier Arbevel;4;2;0,5;2,5;19
FR0013079761;ACTIONS MONDE GDES CAP.;Best Business Models SRI RC;Montpensier Arbevel;4;2,3;0,5;2,8;19
FR0013383825;ACTIONS MONDE GDES CAP.;Pluvalca Sustainable Opportunities Act A;Montpensier Arbevel;4;2,2;0,5;2,7;19
FR0011381201;ALLOCATION D'ACTIFS INTERNATIONALE MODEREE;ABCM Global Allocation R;Montségur Finance;3;3,25;0,5;3,75;19
FR0010058529;ACTIONS EUROPE GDES CAP. MIXTE;THEMATICS EUROPE SELECTION R (C);Natixis Investment Managers International;4;1,7;0,5;2,2;19
FR0010702084;ACTIONS FRANCE;Insertion Emplois Dynamique R (C);Natixis Investment Managers International;4;1,83;0,5;2,33;19
LU0914729966;ACTIONS MONDE GDES CAP.;Mirova Funds - Mirova Global Sustainable Equity Fund R/A (EUR);Natixis Investment Managers International;4;1,85;0,5;2,35;19
LU0914731947;ACTIONS EUROPE ZONE EURO;Mirova Funds - Mirova Euro Sustainable Equity Fund R/A (EUR);Natixis Investment Managers International;4;1,83;0,5;2,33;20
LU0914733059;ACTIONS SECTEUR ENVIRONNEMENT;Mirova Funds - Mirova Europe Environmental Equity Fund R/A (EUR);Natixis Investment Managers International;4;1,85;0,5;2,35;20
LU1435385163;ACTIONS ETATS-UNIS GDES CAP. CROISSANCE;Natixis International Funds (Lux) I - Loomis Sayles U.S. Growth Equity Fund R/A (EUR);Natixis Investment Managers S.A.;5;1,8;0,5;2,3;20
LU1435385593;ACTIONS ETATS-UNIS GDES CAP. CROISSANCE;Natixis International Funds (Lux) I - Loomis Sayles U.S. Growth Equity Fund R/A (H- EUR);Natixis Investment Managers S.A.;5;1,8;0,5;2,3;20
LU1951200481;THEMATIQUES INTELLIGENCE ARTIFICIELLE;Natixis International Funds (Lux) I - Thematics AI and Robotics Fund R/A (EUR);Natixis Investment Managers S.A.;5;2,05;0,5;2,55;20
LU1951204046;ACTIONS THEMATIQUES;Natixis International Funds (Lux) I - Thematics Meta Fund R/A (EUR);Natixis Investment Managers S.A.;4;2,05;0,5;2,55;20
LU1951225553;ACTIONS SECTEUR SERVICES;Natixis International Funds (Lux) I - Thematics Safety Fund R/A (EUR);Natixis Investment Managers S.A.;5;2,05;0,5;2,55;20
LU1951229035;THEMATIQUES WATER;Natixis International Funds (Lux) I - Thematics Water Fund R/A (EUR);Natixis Investment Managers S.A.;4;2,05;0,5;2,55;20
FR0007078811;ACTIONS EUROPE GDES CAP. MIXTE;ODDO BHF Métropole Sélection CRw EUR;ODDO BHF Asset Management GMBH;4;1,65;0,5;2,15;20
LU1919842267;THEMATIQUES INTELLIGENCE ARTIFICIELLE;ODDO BHF Artificial Intelligence CR-EUR;ODDO BHF Asset Management Lux;5;1,74;0,5;2,24;20
FR0000446692;ACTIONS THEMATIQUES;Oddo BHF Best Thematics CR-EUR;ODDO BHF Asset Management S.A.S.;4;1,99;0,5;2,49;20
FR0000974149;ACTIONS EUROPE PETITES & MOY. CAP.;Oddo BHF Avenir Europe CR-EUR;ODDO BHF Asset Management S.A.S.;4;1,89;0,5;2,39;20
FR0000988669;ACTIONS ETATS-UNIS MOYENNES CAP.;Oddo BHF US Mid Cap CR-EUR;ODDO BHF Asset Management S.A.S.;5;1,8;0,5;2,3;21
FR0000989758;ACTIONS SECTEUR DIVIDENDES;Oddo BHF European High Dividend CR-EUR;ODDO BHF Asset Management S.A.S.;4;1,8;0,5;2,3;21
FR0000989899;ACTIONS FRANCE PETITES & MOY. CAP.;Oddo BHF Avenir CR- EUR;ODDO BHF Asset Management S.A.S.;4;1,72;0,5;2,22;21
FR0000990095;ACTIONS EUROPE ZONE EURO PETITES & MOY. CAP.;Oddo BHF Avenir Euro CR-EUR;ODDO BHF Asset Management S.A.S.;4;2,01;0,5;2,51;21
FR0010574434;ACTIONS EUROPE ZONE EURO;ODDO BHF Génération CR-EUR;ODDO BHF Asset Management S.A.S.;4;1,99;0,5;2,49;21
FR0011606276;ACTIONS EUROPE PETITES & MOY. CAP.;Oddo BHF Active Small Cap CI-EUR;ODDO BHF Asset Management S.A.S.;4;1,05;0,5;1,55;21
FR0011586544;ACTIONS SECTEUR BIENS DE CONSOMMATION;Ofi Invest Grandes Marques A;OFI Asset Management;4;1,7;0,5;2,2;21
FR0013267150;THEMATIQUES CLIMAT;Ofi Invest ESG Equity Climate Focus RC;OFI Asset Management;4;1,8;0,5;2,3;21
FR0013275112;ACTIONS EUROPE ZONE EURO;Ofi Invest ESG Euro Equity R;OFI Asset Management;4;1,8;0,5;2,3;21
LU0185495495;ACTIONS ETATS-UNIS GDES CAP. MIXTE;Ofi Invest US Equity R EUR;OFI Lux;5;2,1;0,5;2,6;21
FR0010341800;ACTIONS SECTEUR ENVIRONNEMENT;Palatine Planète I;Palatine Asset Management;4;1,51;0,5;2,01;21
FR0010915181;ACTIONS EUROPE GDES CAP. MIXTE;Palatine Europe Sustainable Employment Palatine;Palatine Asset Management;4;1,21;0,5;1,71;21
LU0176900511;ACTIONS JAPON;Pictet-Japanese Equity Selection;Pictet Asset Management (Europe) S.A.;4;1,51;0,5;2,01;21
LU0090689299;ACTIONS SECTEUR SANTE;Pictet-Biotech-P USD;Pictet Asset Management (Europe) S.A.;5;1,99;0,5;2,49;21
LU0104884860;THEMATIQUES WATER;Pictet-Water-P EUR;Pictet Asset Management (Europe) S.A.;4;1,99;0,5;2,49;21
LU0144509717;ACTIONS EUROPE GDES CAP. MIXTE;Pictet-Quest Europe Sustainable Equities-P EUR;Pictet Asset Management (Europe) S.A.;4;1,17;0,5;1,67;21
LU0217138725;ACTIONS SECTEUR BIENS DE CONSOMMATION;Pictet-Premium Brands-R EUR;Pictet Asset Management (Europe) S.A.;4;2,7;0,5;3,2;21
LU0255977455;ACTIONS SECTEUR SANTE;Pictet-Biotech-P EUR;Pictet Asset Management (Europe) S.A.;5;1,99;0,5;2,49;22
LU0340554913;THEMATIQUES TECHNOLOGIE;Pictet - Digital P EUR;Pictet Asset Management (Europe) S.A.;5;1,99;0,5;2,49;22
LU0386882277;ACTIONS THEMATIQUES;Pictet - Global Megatrend Selection - P EUR;Pictet Asset Management (Europe) S.A.;4;2;0,5;2,5;22
LU0503631714;ACTIONS SECTEUR ENVIRONNEMENT;Pictet - Global Environmental Opportunities P EUR;Pictet Asset Management (Europe) S.A.;4;2;0,5;2,5;22
FR0011689330;ACTIONS EUROPE FLEX CAP;Richelieu Family R;Richelieu Invest;4;1,8;0,5;2,3;22
LU0254836850;ACTIONS MARCHÉS EMERGENTS;Robeco Capital Growth Funds - Robeco Emerging Stars Equities D EUR;Robeco Institutional AM BV;4;1,76;0,5;2,26;22
LU0320896664;ACTIONS ETATS-UNIS GDES CAP. 'VALUE';Robeco BP US Premium Equities DH €;Robeco Institutional AM BV;4;1,71;0,5;2,21;22
LU0187079347;ACTIONS SECTEUR BIENS DE CONSOMMATION;Robeco Global Consumer Trends D EUR;Robeco Institutional AM BV;4;1,71;0,5;2,21;22
LU1648456991;ACTIONS MARCHÉS EMERGENTS;Robeco QI Emerging Markets 3D Active Equities D EUR;Robeco Institutional AM BV;4;1,5;0,5;2;22
LU2145460353;ACTIONS MONDE GDES CAP.;Robeco Global SDG Equities D-EUR Capitalisation;Robeco Institutional AM BV;4;1,61;0,5;2,11;22
LU2145461757;SECTEUR TRANSITION ENERGETIQUE;Robeco Smart Energy D- EUR Capitalisation;Robeco Institutional AM BV;5;1,72;0,5;2,22;22
LU2146189407;ACTIONS SECTEUR SANTE;Robeco Healthy Living D EUR;Robeco Institutional AM BV;3;1,71;0,5;2,21;22
LU2146190835;THEMATIQUES WATER;Robeco Sustainable Water D-EUR Capitalisation;Robeco Institutional AM BV;4;1,71;0,5;2,21;22
FR0000400434;ACTIONS FRANCE;Elan France Bear;Rothschild & Co Asset Management Europe;4;0,77;0,5;1,27;22
FR0010784835;ACTIONS EUROPE ZONE EURO;R-co 4Change Net Zero Equity Euro C EUR;Rothschild & Co Asset Management Europe;5;1,84;0,5;2,34;22
FR0007457890;IMMOBILIER - INDIRECT EUROPE;R-co Thematic Real Estate C EUR;Rothschild & Co Asset Management Europe;5;1,52;0,5;2,02;22
FR0010187898;ACTIONS EUROPE ZONE EURO;R-co Conviction Equity Value Euro C EUR;Rothschild & Co Asset Management Europe;5;1,52;0,5;2,02;23
LU0248178732;ACTIONS ETATS-UNIS PETITES CAP.;Schroder International Selection Fund US Small & Mid-Cap Equity A Accumulation EUR;Schroder Investment Management (Europe) S.A.;4;1,84;0,5;2,34;23
LU0374901568;ACTIONS SECTEUR ENERGIE;Schroder International Selection Fund Global Energy A Accumulation EUR;Schroder Investment Management (Europe) S.A.;5;1,85;0,5;2,35;23
LU0557290698;ACTIONS MONDE GDES CAP.;Schroder International Selection Fund Global Sustainable Growth A Accumulation USD;Schroder Investment Management (Europe) S.A.;4;1,64;0,5;2,14;23
FR0000988503;ACTIONS SECTEUR BIENS DE CONSOMMATION;SG Actions Luxe C C;Société Générale Gestion;4;2,12;0,5;2,62;23
FR0007035159;ACTIONS FRANCE;Prévoir Gestion Actions C;Société de Gestion Prévoir;5;1,8;0,5;2,3;23
FR0011694256;IMMOBILIER - INDIRECT EUROPE;Sofidy Sélection 1 P;Sofidy;4;0,08;0,5;0,58;23
LU0138501191;ACTIONS MONDE GDES CAP.;Sparinvest SICAV Global Value EUR R;Sparinvest S.A.;4;1,9;0,5;2,4;23
FR0011169341;ACTIONS EUROPE GDES CAP. MIXTE;Sycomore Sélection Responsable R;Sycomore AM;4;2;0,5;2,5;23
LU1183791794;ACTIONS SECTEUR ENVIRONNEMENT;Sycomore Fund SICAV - Sycomore Europe Eco Solutions R EUR;Sycomore AM;4;2;0,5;2,5;23
LU1301026388;ACTIONS EUROPE GDES CAP. MIXTE;Sycomore Fund SICAV - Sycomore Europe Happy@Work RC EUR;Sycomore AM;4;2;0,5;2,5;23
LU2638914734;THEMATIQUES TECHNOLOGIE;TOBAM Global Blockchain Equity Fund - B2 EUR Acc;TOBAM;6;0,07;0,5;0,57;23
FR0007472501;ACTIONS FRANCE;Tailor Actions Avenir ISR C;Tailor AM;4;2,61;0,5;3,11;23
FR0012127389;ACTIONS EUROPE GDES CAP. MIXTE;Tikehau Equity Selection R-Acc-EUR;Tikehau Investment Management;4;1,8;0,5;2,3;23
LU2737748660;ACTIONS EUROPE GDES CAP. MIXTE;Tikehau European Sovereignty Fund R- Temp-Acc-EUR;Tikehau Investment Management;4;2,05;0,5;2,55;23
FR0012158848;ACTIONS FRANCE PETITES & MOY. CAP.;Hastings Investissement;Turgot Asset Management;3;3;0,5;3,5;24
LU0191819951;ACTIONS EUROPE GDES CAP. MIXTE;Uni-Global - Defensive European Equities SA- EUR;Unigestion Asset Management (France);4;1,49;0,5;1,99;24
IE0002Y8CX98;ACTIONS SECTEUR BIENS INDUSTRIELS;WisdomTree Europe Defence UCITS ETF - EUR Acc;WisdomTree;5;0,2;0,5;0,7;24
LU0125750504;OBLIGATIONS INTERNATIONALES HAUT RENDEMENT;AXA World Funds - Global High Yield Bonds A Capitalisation EUR (Hedged);AXA Funds Management S.A.;2;1,52;0,5;2,02;24
LU0119176310;OBLIGATIONS EURO HAUT RENDEMENT;abrdn SICAV I – Euro High Yield Bond Fund Class A Acc EUR;Aberdeen Standard Investments Luxembourg S.A.;3;1,46;0,5;1,96;24
FR0010032326;OBLIGATIONS EURO HAUT RENDEMENT;Allianz Euro High Yield RC;Allianz Global Investors GmbH;2;0,99;0,5;1,49;24
FR0013202132;OBLIGATIONS D'ENTREPRISE EUR;Sextant Bond Picking A;Amiral Gestion;2;1,28;0,5;1,78;24
FR001400S409;REVENUS FIXES EUR;Sextant Regatta 2031 A;Amiral Gestion;3;0,52;0,5;1,02;24
LU1287023003;OBLIGATIONS D'ETAT EUR;Amundi Euro Government Bond 5-7Y UCITS ETF Acc;Amundi Asset Management;3;1,8;0,5;2,3;24
LU1287023185;OBLIGATIONS D'ETAT EUR;Amundi Euro Government Bond 7-10Y UCITS ETF Acc;Amundi Asset Management;3;1,71;0,5;2,21;24
LU1563454310;OBLIGATIONS MONDE;Amundi Global Aggregate Green Bond UCITS ETF Acc;Amundi Asset Management;3;3,79;0,5;4,29;24
LU1650487413;OBLIGATIONS D'ETAT EUR COURT TERME;Amundi Euro Government Bond 1-3Y UCITS ETF Acc;Amundi Asset Management;2;2,97;0,5;3,47;24
FR0010156604;OBLIGATIONS INTERNATIONALES FLEXIBLES;AMUNDI OBLIG INTERNATIONALES FLEXIBLE EUR - P (C);Amundi Asset Management;3;1,12;0,5;1,62;24
LU0907913460;OBLIGATIONS EMERGENTES EN DEVISES FORTES;AMUNDI FUNDS EMERGING MARKETS HARD CURRENCY BOND - A EUR (C);Amundi Luxembourg S.A.;3;1,54;0,5;2,04;25
LU1161086159;OBLIGATIONS EMERGENTES;AMUNDI FUNDS EMERGING MARKETS BLENDED BOND - A EUR (C);Amundi Luxembourg S.A.;2;1,55;0,5;2,05;25
FR0010951426;OBLIGATIONS D'ENTREPRISE EUR COURT TERME;Anaxis Short Duration E1;Anaxis Asset Management;2;1,25;0,5;1,75;25
FR0000097495;OBLIGATIONS INTERNATIONALES FLEXIBLES;Ofi Invest Oblig International;Aviva Investors France;2;0,98;0,5;1,48;25
FR0000172033;OBLIGATIONS D'ETAT EUR;AXA Euro Obligations C;Axa Investment Managers Paris;3;0,85;0,5;1,35;25
FR0000172124;OBLIGATIONS D'ETAT EUR;AXA Euro 7-10;Axa Investment Managers Paris;3;0,65;0,5;1,15;25
FR0000288664;OBLIGATIONS D'ENTREPRISE EUR;AXA Euro Credit (C);Axa Investment Managers Paris;2;0,82;0,5;1,32;25
LU1876460061;OBLIGATIONS D'ENTREPRISE EUR COURT TERME;Axiom Short Duration Bond RC EUR;Axiom Alternative Investments;2;1,7;0,5;2,2;25
IE00BD5CTX77;OBLIGATIONS INTERNATIONALES HAUT RENDEMENT;BNY Mellon Global Short-Dated High Yield Bond Fund EUR H Acc Hedged;BNY Mellon Fund Management Luxembourg S.A.;2;1,34;0,5;1,84;25
IE00BYWZ0440;OBLIGATIONS INTERNATIONALES HAUT RENDEMENT;iShares Global High Yield Corp Bond UCITS ETF USD (Acc);BlackRock Asset Management Ireland Limited;3;0,4;0,5;0,9;25
LU0050372472;OBLIGATIONS D'ETAT EUR;BlackRock Global Funds - Euro Bond A2;Blackrock (Luxembourg) S.A.;3;0,98;0,5;1,48;25
LU0162658883;OBLIGATIONS D'ENTREPRISE EUR;BlackRock Global Funds - Euro Corporate Bond Fund A2;Blackrock (Luxembourg) S.A.;2;1,02;0,5;1,52;25
LU0907927171;OBLIGATIONS EMERGENTES;DPAM L - Bonds Emerging Markets Sustainable A EUR;CA lndosuez Fund Solutions S.A.;3;1,24;0,5;1,74;25
FR0010832469;OBLIGATIONS EURO INFLATION;CPR Focus Inflation - P;CPR Asset Management;2;0,79;0,5;1,29;25
FR0011445436;OBLIGATIONS INTERNATIONALES FLEXIBLES;Candriam Patrimoine Obli-Inter C;Candriam;2;1,01;0,5;1,51;25
FR0010149120;OBLIGATIONS D'ENTREPRISE EUR COURT TERME;Carmignac Sécurité AW EUR Acc;Carmignac Gestion;2;1,11;0,5;1,61;25
LU0336083497;OBLIGATIONS MONDE;Carmignac Portfolio - Global Bond A EUR Acc;Carmignac Gestion Luxembourg;2;1,2;0,5;1,7;26
LU1623762843;OBLIGATIONS D'ENTREPRISE EUR;Carmignac Portfolio - Credit A EUR Acc;Carmignac Gestion Luxembourg;2;1,2;0,5;1,7;26
LU1100077442;ALLOCATION D'ACTIFS EUR PRUDENTE;Clartan Patrimoine C;Clartan Associés;2;1,14;0,5;1,64;26
FR0013439403;REVENUS FIXES EUR;La Française Rendement Global 2028 RC EUR;Crédit Mutuel Asset Management;2;1,17;0,5;1,67;26
FR0010986315;ALLOCATION D'ACTIFS EUR PRUDENTE;DNCA Sérénité Plus - part C;DNCA Finance;2;0,72;0,5;1,22;26
LU1694789451;OBLIGATIONS INTERNATIONALES FLEXIBLES;DNCA Invest Alpha Bonds A EUR;DNCA Finance;2;1,3;0,5;1,8;26
FR0010172767;OBLIGATIONS D'ENTREPRISE EUR;EdR SICAV - Euro Sustainable Credit A EUR;Edmond de Rothschild Asset Management (France);2;1,01;0,5;1,51;26
FR001400S680;REVENUS FIXES EUR;EdR SICAV Millesima 2030 A;Edmond de Rothschild Asset Management (France);2;1,1;0,5;1,6;26
LU1161527038;OBLIGATIONS INTERNATIONALES FLEXIBLES;Edmond de Rothschild Fund - Bond Allocation A EUR Acc;Edmond de Rothschild Asset Management (Luxembourg);2;1,17;0,5;1,67;26
LU1897613763;OBLIGATIONS EMERGENTES EN DEVISES FORTES;Edmond de Rothschild Fund - Emerging Sovereign A EUR H;Edmond de Rothschild Asset Management (Luxembourg);3;1,32;0,5;1,82;26
LU0251130802;OBLIGATIONS EURO HAUT RENDEMENT;Fidelity Funds - European High Yld A- Acc-EUR;FIL Investment Management (Luxembourg) S.A.;2;1,4;0,5;1,9;26
FR0011147594;OBLIGATIONS EURO FLEXIBLES;Omnibond R;FLORNOY;2;1,11;0,5;1,61;26
LU0260870661;OBLIGATIONS MONDE;Templeton Global Total Return Fund A(acc)EUR;Franklin Templeton International Services S.à r.l.;3;1,36;0,5;1,86;26
FR0000971293;OBLIGATIONS D'ETAT EUR;HSBC Euro Gvt Bond Fund HC;HSBC Global Asset Management (France);3;0,45;0,5;0,95;26
LU0165128348;OBLIGATIONS EURO HAUT RENDEMENT;HSBC Global Investment Funds - Euro High Yield Bond AC;HSBC Investment Funds (Luxembourg) S.A.;3;1,35;0,5;1,85;26
LU1165644672;OBLIGATIONS EMERGENTES EN DEVISES FORTES;IVO Funds - IVO Emerging Markets Corporate Debt EUR R Acc;IVO Capital Partners;3;1,68;0,5;2,18;27
LU1670722161;OBLIGATIONS INTERNATIONALES HAUT RENDEMENT;M&G (Lux) Global Floating Rate High Yield Fund EUR A-H Acc;M&G Luxembourg S.A.;2;1,21;0,5;1,71;27
LU0073255761;OBLIGATIONS EURO HAUT RENDEMENT;Morgan Stanley Investment Funds - European High Yield Bond Fund A;MSIM Fund Management (Ireland) Limited;5;1,11;0,5;1,61;27
LU0132601682;OBLIGATIONS D'ENTREPRISE EUR;Morgan Stanley Investment Funds - Euro Corporate Bond Fund A;MSIM Fund Management (Ireland) Limited;3;1,04;0,5;1,54;27
LU0149084633;CONVERTIBLES INTERNATIONALES;Morgan Stanley Investment Funds - Global Convertible Bond Fund A (USD);MSIM Fund Management (Ireland) Limited;3;1,24;0,5;1,74;27
LU2257980289;Actions Secteur Environnement;Mandarine Global Transition R;Mandarine Gestion;4;2,22;0,5;2,72;27
FR0010698472;OBLIGATIONS EURO FLEXIBLES;Pluvalca RentOblig A;Montpensier Arbevel;2;0,96;0,5;1,46;27
LU1472740767;OBLIGATIONS MONDE;Mirova Funds - Mirova Global Green Bond Fund R/A (EUR);Natixis Investment Managers International;3;1,05;0,5;1,55;27
IE00B23XD337;OBLIGATIONS INTERNATIONALES FLEXIBLES;Natixis International Funds (Dublin) I - Loomis Sayles Multisector Income Fund R/A (EUR);Natixis Investment Managers S.A.;3;1,5;0,5;2;27
IE00B11XZ434;OBLIGATIONS D'ENTREPRISE INTERNATIONALES;PIMCO GIS Global Investment Grade Credit Fund E Class EUR (Hedged) Accumulation;PIMCO Global Advisors (Ireland) Limited;3;1,39;0,5;1,89;27
LU0170994346;OBLIGATIONS EMERGENTES EN DEVISES FORTES;Pictet-Global Emerging Debt-HP EUR;Pictet Asset Management (Europe) S.A.;3;1,42;0,5;1,92;27
LU0280437673;OBLIGATIONS EMERGENTES EN DEVISES LOCALES;Pictet-Emerging Local Currency Debt P EUR;Pictet Asset Management (Europe) S.A.;3;1,54;0,5;2,04;27
LU2696109219;OBLIGATIONS D'ENTREPRISE EUR;Quaero Capital Funds (Lux) - Bond Investment Opportunity D EUR Acc;Quaero Capital;2;1,35;0,5;1,85;28
FR0010827139;OBLIGATIONS D'ETAT EUR COURT TERME;Hugau Obli 1-3 R;Richelieu Invest;2;2,35;0,5;2,85;28
LU0085136942;OBLIGATIONS INTERNATIONALES HAUT RENDEMENT;Robeco High Yield Bonds DH €;Robeco Institutional AM BV;2;1,32;0,5;1,82;28
FR0007008750;OBLIGATIONS D'ENTREPRISE EUR;R-co Conviction Credit Euro C EUR;Rothschild & Co Asset Management Europe;2;0,82;0,5;1,32;28
FR0010697482;OBLIGATIONS D'ENTREPRISE EUR COURT TERME;R-co Conviction Credit 12M Euro C EUR;Rothschild & Co Asset Management Europe;2;0,56;0,5;1,06;28
FR0014006PM4;OBLIGATIONS D'ENTREPRISE EUR COURT TERME;R-co Conviction Credit SD Euro - C EUR;Rothschild & Co Asset Management Europe;2;0,67;0,5;1,17;28
FR0012696102;OBLIGATIONS EURO FLEXIBLES;Sunny Multi-Oblig R;Sunny Asset Management;3;1,6;0,5;2,1;28
FR0013332418;REVENUS FIXES EUR;Swiss Life Funds (F) Opportunité High Yield 2028 P Cap;Swiss Life Asset Managers France;2;1;0,5;1,5;28
FR0011288513;OBLIGATIONS D'ENTREPRISE EUR;Sycomore Sélection Crédit R;Sycomore AM;2;1,2;0,5;1,7;28
FR0013505450;REVENUS FIXES EUR;TIKEHAU 2027;Tikehau Investment Management;3;1,4;0,5;1,9;28
LU1585265066;OBLIGATIONS D'ENTREPRISE EUR COURT TERME;Tikehau Short Duration R Cap;Tikehau Investment Management;2;1,14;0,5;1,64;28
LU2075980545;OBLIGATIONS USA;iMGP US Core Plus C EUR HP;iM Global Partner Asset Management S.A.;2;1,59;0,5;2,09;28
FR0000172041;IMMOBILIER - INDIRECT EUROPE;AXA Aedificandi AC;AXA Reim SGP;5;1,69;0,5;2,19;28
FR0007071378;ALLOCATION D'ACTIFS EUR PRUDENTE;Alienor Optimal A;Alienor Capital;5;2,01;0,5;2,51;28
FR0000992349;ALLOCATION D'ACTIFS INTERNATIONALE MODEREE;Allianz Multi Rendement Réel C;Allianz Global Investors GmbH;3;1,68;0,5;2,18;28
FR0010286013;DIVERSIFIES EUR FLEXIBLES;Sextant Grand Large A;Amiral Gestion;3;1,7;0,5;2,2;28
FR0010591362;ACTIONS FRANCE;Amundi CAC 40 Daily (- 1x) Inverse UCITS ETF Acc;Amundi;5;0,6;0,5;1,1;28
FR0011363746;DIVERSIFIES;SOLIDARITE - HABITAT ET HUMANISME;Amundi Asset Management;2;1,31;0,5;1,81;29
LU0068578508;ACTIONS MONDE GDES CAP.;FIRST EAGLE AMUNDI INTERNATIONAL FUND - AU (C);Amundi Luxembourg S.A.;3;2,26;0,5;2,76;29
FR0010772129;ALLOCATION D'ACTIFS EUR MODEREE;Athymis Patrimoine P;Athymis Gestion;2;4,4;0,5;4,9;29
FR0007072160;ALLOCATION D'ACTIFS EUR PRUDENTE;Trusteam Optimum R;Auris Gestion;2;1,44;0,5;1,94;29
FR0010174144;PERFORMANCE ABSOLUE EUR;BDL Rempart C;BDL Capital Management;3;2,3;0,5;2,8;29
FR0007020201;DIVERSIFIES;GF Ambition Solidaire P;BNP Paribas Asset Management France;3;1,31;0,5;1,81;29
LU0784385840;ALLOCATION D'ACTIFS INTERNATIONALE MODEREE;BlackRock Global Funds - Global Multi-Asset Income Fund A2;Blackrock (Luxembourg) S.A.;3;1,8;0,5;2,3;29
FR0010097642;DIVERSIFIES INTERNATIONAUX DYNAMIQUES;CPR Croissance Dynamique - P;CPR Asset Management;4;1,77;0,5;2,27;29
FR0010097667;ALLOCATION D'ACTIFS EUR TRES PRUDENTE;CPR Croissance Défensive - P;CPR Asset Management;2;1,51;0,5;2,01;29
FR0010097683;ALLOCATION D'ACTIFS EUR MODEREE;CPR Croissance Réactive - P;CPR Asset Management;3;1,94;0,5;2,44;29
FR0010135103;DIVERSIFIES INTERNATIONAUX EQUILIBRES;Carmignac Patrimoine A EUR acc;Carmignac Gestion;3;1,51;0,5;2,01;29
FR0010147603;DIVERSIFIES INTERNATIONAUX FLEXIBLES;Carmignac Investissement Latitude A EUR acc;Carmignac Gestion;3;1,25;0,5;1,75;29
FR0010149203;DIVERSIFIES INTERNATIONAUX FLEXIBLES;Carmignac Multi Expertise A EUR Acc;Carmignac Gestion;4;2,05;0,5;2,55;29
LU0592698954;ALLOCATION D'ACTIFS INTERNATIONALE MODEREE;Carmignac Portfolio - Emerging Patrimoine A EUR Acc;Carmignac Gestion Luxembourg;3;1,81;0,5;2,31;29
FR0000002164;ALLOCATION D'ACTIFS EUR MODEREE;Covéa Flexible ISR C;Covea Finance;3;1,51;0,5;2,01;29
FR0007051040;ALLOCATION D'ACTIFS EUR PRUDENTE;Eurose;DNCA Finance;2;1,5;0,5;2;29
LU1907594748;ALLOCATION D'ACTIFS INTERNATIONALE MODEREE;DNCA Invest Beyond Alterosa A;DNCA Finance;2;1,55;0,5;2,05;29
LU2661119755;DIVERSIFIES EUR FLEXIBLES;DNCA Invest Evolutif SI C;DNCA Finance;3;2,3;0,5;2,8;29
FR0010557967;DIVERSIFIES EUR FLEXIBLES;Dorval Convictions RC;Dorval Asset Management;3;1,84;0,5;2,34;30
FR0010687053;DIVERSIFIES INTERNATIONAUX FLEXIBLES;Dorval Global Allocation RC;Dorval Asset Management;3;2,02;0,5;2,52;30
FR0010177899;DIVERSIFIES;Choix Solidaire C;Ecofi Investissements;3;0,9;0,5;1,4;30
FR0010642280;THEMATIQUES CLIMAT;Ecofi Agir Pour Le Climat C;Ecofi Investissements;4;2;0,5;2,5;30
FR0010041822;ALLOCATION D'ACTIFS EUR MODEREE;Edmond de Rothschild Patrimoine A;Edmond de Rothschild Asset Management (France);3;1,78;0,5;2,28;30
FR0013219243;ALLOCATION D'ACTIFS EUR PRUDENTE;EdR SICAV - Equity Euro Solve A EUR;Edmond de Rothschild Asset Management (France);4;1,6;0,5;2,1;30
LU0992632538;ALLOCATION D'ACTIFS EUR PRUDENTE;Edmond de Rothschild Fund - Income Europe A EUR;Edmond de Rothschild Asset Management (Luxembourg);3;1,58;0,5;2,08;30
LU2221884310;ACTIONS MONDE GDES CAP.;Edmond de Rothschild Fund - Human Capital A EUR;Edmond de Rothschild Asset Management (Luxembourg);4;1,97;0,5;2,47;30
FR0010611301;ALLOCATION D'ACTIFS EUR MODEREE;G Patrimoine;Erasmus Gestion;6;3,4;0,5;3,9;30
LU0987487336;ALLOCATION D'ACTIFS INTERNATIONALE MODEREE;Fidelity Funds - Global Multi Asset Income Fund A-Acc-EUR;FIL Investment Management (Luxembourg) S.A.;3;1,75;0,5;2,25;30
LU1234787460;ACTIONS SECTEUR SANTE;Generali Investments SICAV - Sycomore Ageing Population DX EUR;Generali Investments Luxembourg S.A;4;1,7;0,5;2,2;30
FR0011153014;DIVERSIFIES INTERNATIONAUX FLEXIBLES;Ginjer Actifs 360 A;Ginjer AM;4;1,85;0,5;2,35;30
FR0007495049;ALLOCATION D'ACTIFS EUR MODEREE;HMG Rendement D;HMG FINANCE;3;2,3;0,5;2,8;30
LU0243957742;ALLOCATION D'ACTIFS EUR PRUDENTE;Invesco Funds - Invesco Pan European High Income Fund E Accumulation EUR;Invesco Management S.A.;2;2,11;0,5;2,61;30
LU0740858492;ALLOCATION D'ACTIFS INTERNATIONALE MODEREE;JPM Global Income D (acc) - EUR;JP Morgan Asset Management (Europe) S.à r.l.;3;1,76;0,5;2,26;30
FR0000980427;ALLOCATION D'ACTIFS EUR PRUDENTE;Keren Patrimoine C;Keren Finance;3;1,58;0,5;2,08;30
FR00140018M8;CONVERTIBLES EUR;LBPAM ISR Convertibles Europe L;La Banque Postale AM;3;1,27;0,5;1,77;31
FR0010434019;ALLOCATION D'ACTIFS EUR PRUDENTE;Echiquier Patrimoine A;La Financière de l'Echiquier;2;1,02;0,5;1,52;31
FR0010611293;ALLOCATION D'ACTIFS EUR MODEREE;Echiquier Arty SRI A;La Financière de l'Echiquier;2;1,52;0,5;2,02;31
FR0000292302;ALLOCATION D'ACTIFS EUR MODEREE;Lazard Patrimoine Croissance C;Lazard Frères Gestion;3;1,95;0,5;2,45;31
FR0007028543;ALLOCATION D'ACTIFS EUR PRUDENTE;Lazard Patrimoine Opportunities SRI RC EUR;Lazard Frères Gestion;3;1,59;0,5;2,09;31
FR0010858498;CONVERTIBLES INTERNATIONALES;Lazard Convertible Global RC EUR;Lazard Frères Gestion;3;1,5;0,5;2;31
LU1582988058;DIVERSIFIES INTERNATIONAUX FLEXIBLES;M&G (Lux) Dynamic Allocation Fund EUR A Acc;M&G Luxembourg S.A.;3;1,97;0,5;2,47;31
LU1670724373;ALLOCATION D'ACTIFS INTERNATIONALE MODEREE;M&G (Lux) Optimal Income Fund EUR A Acc;M&G Luxembourg S.A.;3;1,34;0,5;1,84;31
FR0010400762;PERFORMANCE ABSOLUE EUR;Moneta Long Short A;Moneta Asset Management;3;1,5;0,5;2;31
FR0010466128;ALLOCATION D'ACTIFS EUR PRUDENTE;Pluvalca Alterna Plus;Montpensier Arbevel;2;1,08;0,5;1,58;31
LU0227384020;ALLOCATION D'ACTIFS INTERNATIONALE PRUDENTE;Nordea 1 - Stable Return Fund BP EUR;Nordea Investment Funds S.A.;3;1,79;0,5;2,29;31
DE000A2JJ1W5;ALLOCATION D'ACTIFS INTERNATIONALE PRUDENTE;ODDO BHF Polaris Moderate CR EUR;ODDO BHF Asset Management GMBH;2;1,19;0,5;1,69;31
LU1864504425;ALLOCATION D'ACTIFS INTERNATIONALE MODEREE;ODDO BHF Exklusiv: Polaris Balanced CRW- EUR;ODDO BHF Asset Management Lux;3;1,59;0,5;2,09;31
FR0010109165;DIVERSIFIES EUR FLEXIBLES;Oddo BHF Proactif Europe CR-EUR;ODDO BHF Asset Management S.A.S.;3;1,6;0,5;2,1;31
FR0010564351;ALLOCATION D'ACTIFS EUR MODEREE;Ofi Invest ESG MultiTrack R;OFI Asset Management;3;1,52;0,5;2,02;31
FR0011170182;MATIERES PREMIERES - OR;Ofi Invest Precious Metals R;OFI Asset Management;5;1,51;0,5;2,01;31
LU1279334210;THEMATIQUES INTELLIGENCE ARTIFICIELLE;Pictet - Robotics P EUR;Pictet Asset Management (Europe) S.A.;5;1,98;0,5;2,48;31
LU1279334996;THEMATIQUES INTELLIGENCE ARTIFICIELLE;Pictet - Robotics HP EUR;Pictet Asset Management (Europe) S.A.;5;2,03;0,5;2,53;31
FR0007009139;CONVERTIBLES EUR;R-co Conviction Convertibles Europe C EUR;Rothschild & Co Asset Management Europe;3;1,51;0,5;2,01;32
FR0007028907;ALLOCATION D'ACTIFS EUR MODEREE;R-co OPAL Modéré C EUR;Rothschild & Co Asset Management Europe;3;1,77;0,5;2,27;32
FR0010541557;ACTIONS EUROPE GDES CAP. MIXTE;R-co Conviction Club C EUR;Rothschild & Co Asset Management Europe;4;1,61;0,5;2,11;32
FR0011253624;DIVERSIFIES INTERNATIONAUX FLEXIBLES;R-co Valor C EUR;Rothschild & Co Asset Management Europe;4;1,48;0,5;1,98;32
FR0011261197;DIVERSIFIES INTERNATIONAUX FLEXIBLES;R-co Valor F EUR;Rothschild & Co Asset Management Europe;4;1,83;0,5;2,33;32
FR0013367281;DIVERSIFIES INTERNATIONAUX EQUILIBRES;R-co Valor Balanced F EUR;Rothschild & Co Asset Management Europe;3;1,67;0,5;2,17;32
FR0010640029;ALLOCATION D'ACTIFS EUR MODEREE;Sanso Patrimoine C;Sanso Longchamp;2;1,63;0,5;2,13;32
FR0010813329;REVENUS FIXES EUR;Sanso Objectif Rendement 2031 A;Sanso Longchamp;2;1,29;0,5;1,79;32
LU0279459456;ACTIONS MARCHÉS EMERGENTS;Schroder International Selection Fund Global Emerging Market Opportunities A Accumulation EUR;Schroder Investment Management (Europe) S.A.;4;1,86;0,5;2,36;32
FR0010308825;ALLOCATION D'ACTIFS EUR PRUDENTE;Swiss Life Funds (F) Multi Asset Moderate P;Swiss Life Asset Managers France;3;1,8;0,5;2,3;32
FR0007078589;ALLOCATION D'ACTIFS EUR MODEREE;Sycomore Allocation Patrimoine R;Sycomore AM;2;1,61;0,5;2,11;32
FR0010120931;PERFORMANCE ABSOLUE EUR;Sycomore L/S Opportunities A;Sycomore AM;3;1,3;0,5;1,8;32
FR0010363366;PERFORMANCE ABSOLUE EUR;Sycomore L/S Opportunities R;Sycomore AM;3;1,8;0,5;2,3;32
FR0010738120;ALLOCATION D'ACTIFS EUR MODEREE;Sycomore Partners P;Sycomore AM;3;1,8;0,5;2,3;32
FR0010487512;ALLOCATION D'ACTIFS EUR TRES PRUDENTE;Tailor Allocation Defensive C;Tailor AM;3;2,29;0,5;2,79;32
FR0011845650;ALLOCATION D'ACTIFS EUR MODEREE;Tailor Allocation Reactive C;Tailor AM;3;2,55;0,5;3,05;32
FR0010626291;ALLOCATION D'ACTIFS EUR MODEREE;LMdG Flex Patrimoine (EUR) R Eur;UBS La Maison de Gestion;2;2,62;0,5;3,12;32
IE00BMVB5K07;ALLOCATION D'ACTIFS INTERNATIONALE TRES PRUDENTE;Vanguard LifeStrategy 20% Equity UCITS ETF (EUR) Accumulating;Vanguard Group (Ireland) Limited;3;4,85;0,5;5,35;32
IE00BMVB5M21;ALLOCATION D'ACTIFS INTERNATIONALE PRUDENTE;Vanguard LifeStrategy 40% Equity UCITS ETF (EUR) Accumulating;Vanguard Group (Ireland) Limited;3;9,68;0,5;10,18;33
IE00BMVB5P51;ALLOCATION D'ACTIFS INTERNATIONALE MODEREE;Vanguard LifeStrategy 60% Equity UCITS ETF (EUR) Accumulating;Vanguard Group (Ireland) Limited;3;14,27;0,5;14,77;33
IE00BMVB5R75;ALLOCATION D'ACTIFS INTERNATIONALE DYNAMIQUE;Vanguard LifeStrategy 80% Equity UCITS ETF (EUR) Accumulating;Vanguard Group (Ireland) Limited;4;19,23;0,5;19,73;33
FR0013142551;IMMOBILIER - INDIRECT EUROPE;OPCI Silver Generation;A Plus Finance S.A.S.;2;1,43;0,5;1,93;33
FR0011066778;IMMOBILIER - INDIRECT EUROPE;OPCIMMO VIE;Amundi Immobilier;2;2,17;0,5;2,67;33
FR0011513563;IMMOBILIER - INDIRECT EUROPE;OPCI BNP Paribas Diversipierre;BNP PARIBAS Reim;2;2,31;0,5;2,81;33
FR0010672451;IMMOBILIER - INDIRECT EUROPE;LF OPSIS PATRIMOINE PARTENAIRES;La Française Real Estate Managers;3;1,69;0,5;2,19;33
FR0013260262;IMMOBILIER - INDIRECT EUROPE;OPCI Sofidy Pierre Europe - A;Sofidy;2;2,12;0,5;2,62;33
FR0013219722;IMMOBILIER - INDIRECT EUROPE;OPCI Swisslife ESG Dynapierre;Swiss Life Asset Managers France;2;1,62;0,5;2,12;33
FR0010149179;PERFORMANCE ABSOLUE EUR;Carmignac Absolute Return Europe A EUR Acc;Carmignac Gestion;3;2,3;0,5;2,8;33
LU0641745681;PERFORMANCE ABSOLUE EUR;DNCA Invest One - Part B;DNCA Finance;3;2,14;0,5;2,64;33
LU0322251520;ACTIONS ETATS-UNIS GDES CAP. MIXTE;Xtrackers S&P 500 Inverse Daily Swap UCITS ETF 1C;DWS Investment S.A.;4;2,01;0,5;2,51;33
LU0411078552;ACTIONS ETATS-UNIS GDES CAP. MIXTE;Xtrackers S&P 500 2x Leveraged Daily Swap UCITS ETF 1C;DWS Investment S.A.;5;1,76;0,5;2,26;33
LU1920211973;PERFORMANCE ABSOLUE EUR;Eleva Absolute Return Europe A2 (EUR) acc;Eleva Capital;2;2,38;0,5;2,88;34
LU0616900774;PERFORMANCE ABSOLUE EUR;Exane Funds 2 Exane Pleiade Fund B EUR Accumulation;Exane Asset Management;2;2,13;0,5;2,63;34
LU0281483569;ACTIONS ETATS-UNIS GDES CAP. MIXTE;JPMF US Select Equity Plus A;JP Morgan Asset Management (Europe) S.à r.l.;4;1,71;0,5;2,21;34
LU1670719613;OBLIGATIONS INTERNATIONALES FLEXIBLES;M&G (Lux) Global Macro Bond Fund EUR A Acc;M&G Luxembourg S.A.;3;1,47;0,5;1,97;34
LU0255979402;ACTIONS JAPON;Pictet-Japanese Equity Opportunities;Pictet Asset Management (Europe) S.A.;4;1,57;0,5;2,07;34
LU0496443887;ACTIONS CHINE;Pictet TR - Mandarin HP EUR;Pictet Asset Management (Europe) S.A.;4;2,02;0,5;2,52;34
LU0912262275;PERFORMANCE ABSOLUE EUR;Helium Fund - Helium Performance B EUR;Syquant Capital;2;1,92;0,5;2,42;34
LU1112771503;PERFORMANCE ABSOLUE EUR;Helium Fund - Helium Selection B-EUR;Syquant Capital;2;1,92;0,5;2,42;34
LU2147879543;DIVERSIFIES INTERNATIONAUX FLEXIBLES;Tikehau International Cross Assets - R-Acc- EUR;Tikehau Investment Management;3;1,65;0,5;2,15;34
LU2358389745;ALLOCATION D'ACTIFS INTERNATIONALE FLEXIBLE;Varenne UCITS - Varenne Global A EUR Accumulation;Varenne Capital Partners;4;2,09;0,5;2,59;34
LU2358392376;ALLOCATION D'ACTIFS INTERNATIONALE FLEXIBLE;Varenne UCITS - Varenne Valeur A EUR Acc;Varenne Capital Partners;3;1,91;0,5;2,41;34
FR001400JH55;DIVERSIFIES;Edmond de Rothschild Private Equity Opportunities FCPR - Part A;Edmond de Rothschild Private Equity;7;0,15;0,5;0,65;34
LU0568621618;MONETAIRE INTERNATIONALE;AMUNDI FUNDS CASH USD - A2 USD (C);Amundi Luxembourg S.A.;1;0,50%;0,5;0,505;34
FR0000288946;MONETAIRE EUR;Axa Court Terme A – C;Axa Investment Managers Paris;1;0,30%;0,5;0,503;35
SCPI00004549;IMMOBILIER - INDIRECT EUROPE;ACTIVIMMO;ALDERAN;3;0,60%;0,5;0,506;35
FR0013486446;DIVERSIFIES;FCPR Ardian Multi stratégies;ARDIAN FRANCE;7;0,40%;0,5;0,504;35
SCPI00004279;IMMOBILIER - INDIRECT EUROPE;Atream Hôtels;ATREAM;4;0,40%;0,5;0,504;35
FR001400C4M8;IMMOBILIER - INDIRECT EUROPE;SCI LINASENS;Aestiam;3;0,25%;0,5;0,5025;35
FR0013442845;IMMOBILIER - INDIRECT EUROPE;OPCI ALTIXIA VALEUR P;Altixia REIM;2;0,30%;0,5;0,503;35
SCPI00004469;IMMOBILIER - INDIRECT EUROPE;Altixia Cadence XII;Altixia REIM;3;0,30%;0,5;0,503;35
FR001400YA12;ACTIONS ETATS-UNIS GDES CAP. MIXTE;Amplegest Pricing Power US ACH;Amplegest;4;0,3;0,5;0,8;35
SCPI00000409;IMMOBILIER - INDIRECT EUROPE;Edissimmo;Amundi;3;0,30%;0,5;0,503;35
SCPI00001019;IMMOBILIER - INDIRECT EUROPE;Rivoli Avenir Patrimoine;Amundi;3;0,65%;0,5;0,5065;35
FR0010424135;ACTIONS EUROPE ZONE EURO;Amundi EURO STOXX 50 Daily (-1x) Inverse UCITS ETF Acc;Amundi Asset Management;5;1,4;0,5;1,9;35
LU1650488494;OBLIGATIONS D'ETAT EUR;Amundi Euro Government Bond 3-5Y UCITS ETF Acc;Amundi Asset Management;3;0,15;0,5;0,65;35
LU1829218749;MATIERES PREMIERES - METAUX INDUSTRIELS;Amundi Bloomberg Equal-weight Commodity ex- Agriculture UCITS ETF Acc;Amundi Asset Management;4;0,80%;0,5;0,508;35
FR0013428349;IMMOBILIER - INDIRECT EUROPE;SC Tangram;Amundi Immobilier;3;0,38%;0,5;0,5038;35
IE000BI8OT95;ACTIONS MONDE GDES CAP.;Amundi MSCI World UCITS ETF Acc;Amundi Luxembourg S.A.;4;0,2;0,5;0,7;35
IE000MYCJA42;ACTIONS ETATS-UNIS GDES CAP. MIXTE;Amundi MSCI North America ESG Broad Transition UCITS ETF Acc;Amundi Luxembourg S.A.;4;0,30%;0,5;0,503;36
IE000R85HL30;ACTIONS ETATS-UNIS GDES CAP. MIXTE;Amundi MSCI USA SRI Climate Paris Aligned UCITS ETF Acc;Amundi Luxembourg S.A.;4;0,35%;0,5;0,5035;36
IE000Y77LGG9;ACTIONS MONDE GDES CAP.;Amundi MSCI World SRI Climate Paris Aligned UCITS ETF Acc;Amundi Luxembourg S.A.;4;0,18;0,5;0,68;36
LU2089238625;OBLIGATIONS D'ENTREPRISE EUR;AMUNDI EUR CORPORATE BOND UCITS ETF Acc;Amundi Luxembourg S.A.;2;0,16;0,5;0,66;36
FR0013416716;MATIERES PREMIERES - OR;Amundi Physical Gold ETC C;Amundi Physical Metals plc;4;0,2;0,5;0,7;36
FR001400UG93;REVENUS FIXES EUR;Schelcher Global Yield 2031 P;Arkea Asset Management;3;0,2;0,5;0,7;36
FR0013526100;IMMOBILIER - INDIRECT EUROPE;SCI SILVER AVENIR;Arkea Reim;3;2,20%;0,5;0,522;36
SCPI00003929;IMMOBILIER - INDIRECT EUROPE;Epargne Pierre;Atland Voisin;3;1,65%;0,5;0,5165;36
FR001400BY52;ACTIONS MONDE GDES CAP.;TF Global Client Focus R;Auris Gestion;4;0,07%;0,5;0,5007;36
FR001400JNU1;REVENUS FIXES EUR;Axiom 2027 RC EUR;Axiom Alternative Investments;2;0,20%;0,5;0,502;36
FR0014009XS9;IMMOBILIER - INDIRECT EUROPE;SC PIERRE IMPACT;BNP PARIBAS Reim;2;0,40%;0,5;0,504;36
IE000FF2EBQ8;SECTEUR INFRASTRUCTURES;BNP Paribas EASY ECPI Global ESG Infrastructure UCITS ETF EUR;BNP Paribas Asset Management Europe;3;0,1;0,5;0,6;36
LU1931957093;MATIERES PREMIERES - METAUX INDUSTRIELS;BNP Paribas Flexi I Commodities Classic Hedged EUR Capitalisation;BNP Paribas Asset Management Luxembourg;4;0,60%;0,5;0,506;36
LU0171283459;ALLOCATION D'ACTIFS INTERNATIONALE MODEREE;BlackRock Global Funds - Global Allocation Fund A2;Blackrock (Luxembourg) S.A.;3;2,01%;0,5;0,5201;37
FR00140081Y1;REVENUS FIXES EUR;Carmignac Credit 2027 A EUR Acc;Carmignac Gestion;2;1,76%;0,5;0,5176;37
FR001400KAV4;REVENUS FIXES EUR;Carmignac Credit 2029 A Eur Acc;Carmignac Gestion;2;0,15%;0,5;0,5015;37
FR001400U4S3;REVENUS FIXES EUR;Carmignac Credit 2031 A EUR Acc;Carmignac Gestion;2;0,30%;0,5;0,503;37
LU2809794220;THEMATIQUES TECHNOLOGIE;Carmignac Portfolio Tech Solutions A EUR Acc;Carmignac Gestion Luxembourg;5;0,15;0,5;0,65;37
LU2882334381;ACTIONS EUROPE ZONE EURO PETITES & MOY. CAP.;DNCA Invest Explorer SMID Euro B EUR Acc;DNCA Finance;4;0,18;0,5;0,68;37
LU3077229097;ACTIONS MONDE GDES CAP.;DNCA Global New World B EUR;DNCA Finance;5;0,2;0,5;0,7;37
FR001400S0Q9;REVENUS FIXES EUR;Eiffel Rendement 2030 R EUR;EIFFEL INVESTMENT GROUP;3;0,18%;0,5;0,5018;37
FR001400BCG0;SECTEUR INFRASTRUCTURES;FCPR Eiffel Infrastructures Vertes Part C;EIFFEL INVESTMENT GROUP;3;0,16%;0,5;0,5016;37
FR0013304136;DIVERSIFIES;FCPR Extend Sunny oblig et foncier;EXTENDAM;6;0,20%;0,5;0,502;37
FR001400FUB4;ACTIONS EUROPE GDES CAP. MIXTE;EdR SICAV European Catalysts A Eur;Edmond de Rothschild Asset Management (France);4;0,20%;0,5;0,502;37
FR00140120M2;REVENUS FIXES EUR;Edmond de Rothschild SICAV Millesima 2032 A EUR;Edmond de Rothschild Asset Management (France);2;0,3;0,5;0,8;37
FR0013301553;DIVERSIFIES;FCPR Eurazeo Private Value Europe 3;Eurazeo Investment Manager;3;0,15%;0,5;0,5015;37
FR0014005KJ3;IMMOBILIER - INDIRECT EUROPE;SC Trajectoire Santé_Part A;Euryale Asset Management;3;0,18%;0,5;0,5018;37
SCPI00003969;IMMOBILIER - INDIRECT EUROPE;PIERVAL SANTE;Euryale Asset Management;3;0,20%;0,5;0,502;37
FR001400M279;IMMOBILIER - INDIRECT EUROPE;SC France Valley Terra Europe;France Valley;3;0,30%;0,5;0,503;37
FR001400L0X2;DIVERSIFIES;Blackstone Crédit Privé Europe SC;IQ-EQ;3;0,30%;0,5;0,503;38
SCPI00004669;IMMOBILIER - INDIRECT EUROPE;SCPI Iroko Zen;IROKO;3;0,35%;0,5;0,5035;38
FR0013222353;DIVERSIFIES;ISATIS CAPITAL VIE & RETRAITE;ISATIS Capital;3;0,07%;0,5;0,5007;38
FR001400BJT8;REVENUS FIXES EUR;IVO 2028 R;IVO Capital Partners;2;0,35%;0,5;0,5035;38
FR001400Y4C3;PERFORMANCE ABSOLUE EUR;Echiquier Absolute Return Credit A;La Financière de l'Echiquier;2;0,35;0,5;0,85;38
FR0013488020;IMMOBILIER - INDIRECT EUROPE;SCP LFP Multimmo - Part Philosophale 2;La Française Real Estate Managers;2;0,35%;0,5;0,5035;38
FR0013488038;IMMOBILIER - INDIRECT EUROPE;SCP LFP Multimmo - Part LFP UniCimmo;La Française Real Estate Managers;2;0,30%;0,5;0,503;38
FR001400FJK8;IMMOBILIER - INDIRECT EUROPE;SCI IMMO TREND PRIME - part B;La Française Real Estate Managers;2;0,35%;0,5;0,5035;38
SCPI00000449;IMMOBILIER - INDIRECT EUROPE;Epargne Foncière;La Française Real Estate Managers;4;0,30%;0,5;0,503;38
SCPI00004019;IMMOBILIER - INDIRECT EUROPE;LF Europimmo;La Française Real Estate Managers;4;0,24%;0,5;0,5024;38
LU2786374178;REVENUS FIXES EUR;Mandarine SICAV Global Target 2030 C;Mandarine Gestion;3;1,25;0,5;1,75;38
FR001400Q1D7;ACTIONS SECTEUR SANTE;Aesculape Sri RC;Montpensier Arbevel;4;0,3;0,5;0,8;38
FR001400A1J2;REVENUS FIXES EUR;PLUVALCA CREDIT OPPORTUNITES 2028 - ACTION A -;Montpensier Arbevel;3;1,3;0,5;1,8;38
FR001400CCI4;THEMATIQUES TECHNOLOGIE;Pluvalca Global Blockchain Equity A;Montpensier Arbevel;5;2;0,5;2,5;38
FR001400TS68;REVENUS FIXES EUR;Pluvalca Credit Opportunities 2031 A EUR;Montpensier Arbevel;3;0,35;0,5;0,85;38
LU2932856672;ACTIONS SECTEUR SANTE;Natixis International Funds (Lux) I - Thematics Health Fund R/A (EUR) Capitalisation;Natixis Investment Managers International;4;0,07;0,5;0,57;38
FR0013202108;DIVERSIFIES;NextStage Croissance;NextStage AM;6;3,27;0,5;3,77;39
FR001400ROV0;DIVERSIFIES;FCPR ODDO BHF Global Private Equity - Part A2;ODDO BHF Asset Management S.A.S.;6;2,59;0,5;3,09;39
FR001400H8R3;DIVERSIFIES EUR FLEXIBLES;Agilis I;Otea Capital;3;1,55;0,5;2,05;39
FR001400HH99;ACTIONS EUROPE ZONE EURO FLEX CAP;Agora Actions Euro I;Otea Capital;4;1,5;0,5;2;39
FR001400MUT2;ALLOCATION ASIE;Asian Convictions - I;Otea Capital;4;0,35;0,5;0,85;39
FR001400NXB2;OBLIGATIONS EURO FLEXIBLES;Altaux Sélection I;Otea Capital;2;1,25;0,5;1,75;39
FR001400UFD0;ACTIONS ETATS-UNIS GDES CAP. MIXTE;American Convictions I;Otea Capital;4;0,3;0,5;0,8;39
FR0014002MX7;IMMOBILIER - INDIRECT EUROPE;SCI PERIAL EURO CARBONE PART A;Perial Asset Management S.A.S.;3;1,22;0,5;1,72;39
SCPI00000659;IMMOBILIER - INDIRECT EUROPE;PERIAL Opportunités Europe;Perial Asset Management S.A.S.;3;1,05;0,5;1,55;39
SCPI00000669;IMMOBILIER - INDIRECT EUROPE;PERIAL Grand Paris;Perial Asset Management S.A.S.;3;0,81;0,5;1,31;39
SCPI00001959;IMMOBILIER - INDIRECT EUROPE;PERIAL O2;Perial Asset Management S.A.S.;3;0,99;0,5;1,49;39
FR0014000AM9;IMMOBILIER - INDIRECT EUROPE;OPCI PREIM ISR Vie;Praemia Reim;3;1,43;0,5;1,93;39
FR0014004GX5;IMMOBILIER - INDIRECT EUROPE;SCI Primonial Capimmo;Praemia Reim;3;2,36;0,5;2,86;39
FR0014009IF7;IMMOBILIER - INDIRECT EUROPE;SCI CAP SANTE (By Capimmo);Praemia Reim;4;2,1;0,5;2,6;39
SCPI00003719;IMMOBILIER - INDIRECT EUROPE;Patrimmo Commerce;Praemia Reim;3;1,73;0,5;2,23;39
SCPI00003829;IMMOBILIER - INDIRECT EUROPE;Primovie;Praemia Reim;3;1,16;0,5;1,66;39
SCPI00004049;IMMOBILIER - INDIRECT EUROPE;Patrimmo Croissance Impact;Praemia Reim;3;0,62;0,5;1,12;39
LU2819788964;OBLIGATIONS INTERNATIONALES FLEXIBLES;Robeco Capital Growth Funds - Robeco QI Global Dynamic Duration DH EUR;Robeco Institutional AM BV;2;0,81;0,5;1,31;39
FR0014008M99;THEMATIQUES TECHNOLOGIE;R-co Thematic Blockchain Global Equity C EUR;Rothschild & Co Asset Management Europe;6;1,7;0,5;2,2;40
FR0014011W27;REVENUS FIXES EUR;R-co Target 2032 IG C EUR;Rothschild & Co Asset Management Europe;2;0,35;0,5;0,85;40
FR0014010CE1;SECTEUR INFRASTRUCTURES;FPS Schroders Capital Europe Infrastructure Credit – Part A2;Schroder Investment Management (Europe) S.A.;3;0,3;0,5;0,8;40
FR0013533619;DIVERSIFIES;FCPR APEO;Seven2;6;1,95;0,5;2,45;40
FR0014010JA4;SECTEUR INFRASTRUCTURES;FPS Sienna Dette Privée Défense Europe – Part A;Sienna Gestion;3;0,35;0,5;0,85;40
FR0013466117;IMMOBILIER - INDIRECT EUROPE;SC SOFIDY CONVICTIONS IMMOBILIERES - PART A;Sofidy;2;2,1;0,5;2,6;40
SCPI00000419;IMMOBILIER - INDIRECT EUROPE;Efimmo;Sofidy;3;1,63;0,5;2,13;40
SCPI00000619;IMMOBILIER - INDIRECT EUROPE;Immorente;Sofidy;3;1,43;0,5;1,93;40
FR0010922963;ALLOCATION D'ACTIFS EUR MODEREE;Sunny Managers F;Sunny Asset Management;4;2,38;0,5;2,88;40
FR001400PY23;ACTIONS ETATS-UNIS GDES CAP. MIXTE;Sunny North America R;Sunny Asset Management;4;2,1;0,5;2,6;40
FR001400MCQ6;REVENUS FIXES EUR;Sycoyield 2030 RC;Sycomore AM;2;1;0,5;1,5;40
FR0014010IG3;REVENUS FIXES EUR;Sycoyield 2032 (Part RC);Sycomore AM;2;0,3;0,5;0,8;40
FR001400HLW5;SECTEUR INFRASTRUCTURES;FCPR TIKEHAU FINANCEMENT DECARBONATION - Part I;Tikehau Investment Management;3;1,61;0,5;2,11;40
DE000A2T5DZ1;MATIERES PREMIERES - OR;Xtrackers IE Physical Gold EUR Hedged ETC Securities;Xtrackers ETC plc;4;0,24;0,5;0,74;40
