Code ISIN;Libellé du fonds;Société de gestion;Catégorie Morningstar;Risque (SRI);Frais UC (B) %;Frais contrat (C) %;Frais totaux (B+C) %
FR0000003196;Ostrum SRI EURO Sovereign Bonds R (C) EUR;Natixis Investment Managers International;OBLIGATIONS D'ETAT EUR;3;0,70%;0,60%;1,30%
FR0000285629;CamGestion Convertibles Europe Classic;BNP PARIBAS ASSET MANAGEMENT Europe;CONVERTIBLES EUR;3;1,20%;0,60%;1,80%
FR0000286338;Amundi Oblig Monde Responsable P;Amundi Asset Management;OBLIGATIONS MONDE COUVERTES;2;0,96%;0,60%;1,56%
FR0000423378;LBPAM ISR Obli Europe C;LBP AM;OBLIGATIONS D'ENTREPRISE EUR;2;1,00%;0,60%;1,60%
FR0000971293;HSBC Euro Gvt Bond Fund HC;HSBC Global Asset Management (France);OBLIGATIONS D'ETAT EUR;3;0,60%;0,60%;1,20%
FR0000982217;Ostrum SRI Credit Euro E;Natixis Investment Managers International;OBLIGATIONS D'ENTREPRISE EUR;2;0,70%;0,60%;1,30%
FR0000983637;Amundi Multi-Gérants Obligs PC;Amundi Asset Management;OBLIGATIONS MONDE COUVERTES;2;1,04%;0,60%;1,64%
FR0007008750;R-co Conviction Credit Euro C EUR;Rothschild & Co Asset Management;OBLIGATIONS D'ENTREPRISE EUR;2;0,71%;0,60%;1,31%
FR0007394846;Arkéa Global Green Bonds P;Arkéa Asset Management;OBLIGATIONS MONDE;2;0,90%;0,60%;1,50%
FR0010028985;Mirova Obli Euro R (C);Natixis Investment Managers International;OBLIGATIONS D'ENTREPRISE EUR;2;0,60%;0,60%;1,20%
FR0010032326;Allianz Euro High Yield RC;Allianz Global Investors GmbH;OBLIGATIONS EURO HAUT RENDEMENT;3;0,96%;0,60%;1,56%
FR0010149120;Carmignac Sécurité AW EUR Acc;Carmignac Gestion;OBLIGATIONS D'ENTREPRISE EUR COURT TERME;2;1,00%;0,60%;1,60%
FR0010156604;Amundi Oblig Internationales EUR-P-C;Amundi Asset Management;OBLIGATIONS INTERNATIONALES FLEXIBLES;3;0,93%;0,60%;1,53%
FR0010491803;Echiquier Credit SRI Europe A;La Financière de l'Echiquier;OBLIGATIONS D'ENTREPRISE EUR;2;1,00%;0,60%;1,60%
FR0010515601;Confiance Solidaire C;Ecofi Investissements;OBLIGATIONS D'ENTREPRISE EUR COURT TERME;2;0,60%;0,60%;1,20%
FR0010560037;Schelcher Euro High Yield P;Arkéa Asset Management;OBLIGATIONS EURO HAUT RENDEMENT;2;1,40%;0,60%;2,00%
FR0010697482;R-co Conviction Credit 12M Euro C EUR;Rothschild & Co Asset Management;OBLIGATIONS D'ETAT EUR COURT TERME;2;0,50%;0,60%;1,10%
FR0010697532;Keren Corporate C;Keren Finance;OBLIGATIONS EURO FLEXIBLES;2;1,20%;0,60%;1,80%
FR0010707513;Schelcher Flexible Short Duration P;Arkéa Asset Management;OBLIGATIONS EURO FLEXIBLES;2;0,80%;0,60%;1,40%
FR0010807107;R Euro Credit F;Rothschild & Co Asset Management;OBLIGATIONS D'ENTREPRISE EUR;2;0,90%;0,60%;1,50%
FR0010868901;Ellipsis European Convertible Fund P EUR;Ellipsis Asset Management;CONVERTIBLES EUR;3;1,70%;0,60%;2,30%
FR0010951426;Anaxis Short Duration E1;Anaxis Asset Management;OBLIGATIONS D'ENTREPRISE EUR COURT TERME;2;1,25%;0,60%;1,85%
FR0010986315;DNCA Sérénité Plus C;DNCA Finance;OBLIGATIONS EURO FLEXIBLES;2;0,70%;0,60%;1,30%
FR0011034818;Schelcher Optimal Income P;Arkéa Asset Management;OBLIGATIONS D'ENTREPRISE EUR;2;1,20%;0,60%;1,80%
FR0011147594;Omnibond R;Flornoy Ferri;OBLIGATIONS EURO FLEXIBLES;2;1,00%;0,60%;1,60%
FR0011167402;Schelcher Convertible Global World P;Arkéa Asset Management;CONVERTIBLES INTERNATIONALES;3;1,40%;0,60%;2,00%
FR0011167410;Schelcher Convertible Mid Cap P;Arkéa Asset Management;CONVERTIBLES EUR;3;1,40%;0,60%;2,00%
FR0011288513;Sycomore Sélection Crédit R;Sycomore Asset Management;OBLIGATIONS D'ENTREPRISE EUR;2;1,20%;0,60%;1,80%
FR0011350685;Ostrum SRI Crossover L;Natixis Investment Managers International;OBLIGATIONS EURO FLEXIBLES;2;1,00%;0,60%;1,60%
FR0011445436;Candriam Patrimoine Obli-Inter C;Candriam;OBLIGATIONS INTERNATIONALES FLEXIBLES;2;2,00%;0,60%;2,60%
FR0012696102;Sunny Multi-Oblig R;Sunny Asset Management;OBLIGATIONS EURO FLEXIBLES;3;0,80%;0,60%;1,40%
FR0013202132;Sextant Bond Picking A;Amiral Gestion;OBLIGATIONS EURO HAUT RENDEMENT;2;1,30%;0,60%;1,90%
FR00140018M8;LBPAM ISR Convertibles Europe L;LBP AM;CONVERTIBLES EUR;3;1,20%;0,60%;1,80%
FR0014006PM4;R-co Conviction Credit SD Euro C EUR;Rothschild & Co Asset Management;OBLIGATIONS D'ENTREPRISE EUR COURT TERME;2;0,60%;0,60%;1,20%
FR00140081Y1;Carmignac Credit 2027 A EUR Acc;Carmignac Gestion;REVENUS FIXES EUR;2;0,90%;0,60%;1,50%
FR001400A1J2;Pluvalca Credit Opportunities 2028 A;Montpensier Arbevel;REVENUS FIXES EUR;3;1,40%;0,60%;2,00%
FR001400A6Y0;Sycoyield 2026 RC;Sycomore Asset Management;REVENUS FIXES EUR;2;1,00%;0,60%;1,60%
FR001400BJT8;IVO 2028 R;IVO Capital Partners;REVENUS FIXES EUR;3;1,30%;0,60%;1,90%
FR001400EZY8;Schelcher Global Yield 2028 P;Arkéa Asset Management;REVENUS FIXES EUR;3;1,30%;0,60%;1,90%
FR001400JNU1;Axiom 2027 RC EUR;Axiom Alternative Investments;REVENUS FIXES EUR;2;1,25%;0,60%;1,85%
FR001400K2B5;Tikehau 2029 R Acc EUR;Tikehau Investment Management;REVENUS FIXES EUR;2;1,10%;0,60%;1,70%
FR001400KAV4;Carmignac Credit 2029 A Eur Acc;Carmignac Gestion;REVENUS FIXES EUR;2;1,00%;0,60%;1,60%
FR001400KCZ1;Ostrum Credit Ultra Short Plus RE;Natixis Investment Managers International;OBLIGATIONS D'ENTREPRISE EUR COURT TERME;2;0,70%;0,60%;1,30%
FR001400MCQ6;Sycoyield 2030 RC;Sycomore Asset Management;REVENUS FIXES EUR;2;1,00%;0,60%;1,60%
FR001400NXB2;Altaux Sélection I;OTEA Capital;OBLIGATIONS D'ENTREPRISE EUR;3;1,50%;0,60%;2,10%
FR001400S409;Sextant Regatta 2031 A;Amiral Gestion;REVENUS FIXES EUR;3;1,20%;0,60%;1,80%
FR001400S680;EdR SICAV Millesima 2030 A;Edmond de Rothschild SICAV;REVENUS FIXES EUR;2;1,00%;0,60%;1,60%
FR001400SEI6;R-co Target 2030 IG C EUR;Rothschild & Co Asset Management;REVENUS FIXES EUR;2;0,90%;0,60%;1,50%
FR001400SJA2;IVO IG 2030 R;IVO Capital Partners;REVENUS FIXES EUR;2;1,25%;0,60%;1,85%
FR001400U4S3;Carmignac Credit 2031 A EUR Acc;Carmignac Gestion;REVENUS FIXES EUR;2;1,14%;0,60%;1,74%
FR001400UG93;Schelcher Global Yield 2031 P;Arkéa Asset Management;REVENUS FIXES EUR;3;1,30%;0,60%;1,90%
FR0050000746;Schelcher Short Term Z;Arkéa Asset Management;OBLIGATIONS D'ENTREPRISE EUR COURT TERME;2;0,10%;0,60%;0,70%
IE00B23XD337;Natixis International Funds (Dublin) I - Loomis Sayles Multisector Income Fund R/A (EUR);Natixis Investment Managers International;OBLIGATIONS USA;3;1,50%;0,60%;2,10%
IE00BD5CTX77;BNY Mellon Global Short-Dated High Yield Bond Fund EUR H Acc Hedged;BNY Mellon Fund Management (Lux) S.A.;OBLIGATIONS INTERNATIONALES HAUT RENDEMENT;3;1,25%;0,60%;1,85%
LU0048579097;Fidelity Funds - Euro Bond Fund A-DIST-EUR;Fidelity (FIL Inv Mgmt (Lux) S.A.);OBLIGATIONS D'ENTREPRISE EUR;3;0,75%;0,60%;1,35%
LU0110060430;Fidelity Funds - European High Yield Fund A-DIST-EUR;Fidelity (FIL Inv Mgmt (Lux) S.A.);OBLIGATIONS EURO HAUT RENDEMENT;3;1,00%;0,60%;1,60%
LU0113257694;Schroder International Selection Fund EURO Corporate Bond A Accumulation EUR;Schroder Investment Management (Europe) S.A.;OBLIGATIONS D'ENTREPRISE EUR;2;0,75%;0,60%;1,35%
LU0119176310;abrdn SICAV I – Euro High Yield Bond Fund Class A Acc EUR;abrdn Investments Luxembourg S.A.;OBLIGATIONS EURO HAUT RENDEMENT;3;1,25%;0,60%;1,85%
LU0138645519;DPAM L - Bonds Higher Yield B;CA Indosuez Fund Solutions;OBLIGATIONS EURO HAUT RENDEMENT;3;0,90%;0,60%;1,50%
LU0164100710;AXA World Funds - Euro Credit Plus A Capitalisation EUR;AXA Investment Managers Paris S.A.;OBLIGATIONS D'ENTREPRISE EUR;2;0,90%;0,60%;1,50%
LU0165128348;HSBC Global Investment Funds - Euro High Yield Bond AC;HSBC Investment Funds (Luxembourg) S.A.;OBLIGATIONS EURO HAUT RENDEMENT;3;1,10%;0,60%;1,70%
LU0170994346;Pictet-Global Emerging Debt HP EUR;Pictet Asset Management (Europe) SA;OBLIGATIONS EMERGENTES;3;1,45%;0,60%;2,05%
LU0251130802;Fidelity Funds - European High Yield Fund A-Acc-EUR;Fidelity (FIL Inv Mgmt (Lux) S.A.);OBLIGATIONS EURO HAUT RENDEMENT;3;1,50%;0,60%;2,10%
LU0260870661;Templeton Global Total Return Fund A(acc)EUR;Franklin Templeton International Services S.à r.l.;OBLIGATIONS INTERNATIONALES FLEXIBLES;3;1,05%;0,60%;1,65%
LU0261953904;Fidelity Funds - US High Yield Fund A-Acc-EUR;Fidelity (FIL Inv Mgmt (Lux) S.A.);OBLIGATIONS USA HAUT RENDEMENT;3;1,00%;0,60%;1,60%
LU0266009793;AXA World Funds - Global Inflation Bonds A Capitalisation EUR;AXA Investment Managers Paris S.A.;OBLIGATIONS INTERNATIONALES INFLATION;3;0,60%;0,60%;1,20%
LU0266010296;AXA World Funds - Global Inflation Bonds E Capitalisation EUR;AXA Investment Managers Paris S.A.;OBLIGATIONS INTERNATIONALES INFLATION;3;0,60%;0,60%;1,20%
LU0280437673;Pictet-Emerging Local Currency Debt PEUR;Pictet Asset Management (Europe) SA;OBLIGATIONS EMERGENTES EN DEVISES LOCALES;3;2,10%;0,60%;2,70%
LU0294219869;Templeton Global Bond Fund A(acc)EUR-H1;Franklin Templeton International Services S.à r.l.;OBLIGATIONS INTERNATIONALES FLEXIBLES;3;1,05%;0,60%;1,65%
LU0336083497;Carmignac Pf Global Bond A EUR Acc;Carmignac Gestion Luxembourg S.A.;OBLIGATIONS MONDE;2;1,00%;0,60%;1,60%
LU0336084032;Carmignac Pf Flexible Bond A EUR Acc;Carmignac Gestion Luxembourg S.A.;OBLIGATIONS EURO FLEXIBLES;2;1,00%;0,60%;1,60%
LU0370787193;Fidelity Funds - Euro Corporate Bond Fund A-Acc-EUR;Fidelity (FIL Inv Mgmt (Lux) S.A.);OBLIGATIONS D'ENTREPRISE EUR;3;0,75%;0,60%;1,35%
LU0552643842;Mirova Funds - Mirova Euro Green and Sustainable Corporate Bond Fund R/A (EUR);Natixis Investment Managers International;OBLIGATIONS D'ENTREPRISE EUR;2;0,80%;0,60%;1,40%
LU0616241476;Amundi Funds - Euro Aggregate Bond A EUR (C);Amundi Luxembourg S.A.;OBLIGATIONS D'ENTREPRISE EUR;3;0,80%;0,60%;1,40%
LU0853555380;Jupiter Dynamic Bond Class L EUR Acc;Jupiter Asset Management International S.A.;OBLIGATIONS INTERNATIONALES FLEXIBLES;3;1,25%;0,60%;1,85%
LU0907913460;Amundi Funds - Emerging Markets Hard Currency Bond A EUR (C);Amundi Luxembourg S.A.;OBLIGATIONS EMERGENTES EN DEVISES FORTES;3;1,20%;0,60%;1,80%
LU0907927171;DPAM L - Bonds Emerging Markets Sustainable A EUR;CA Indosuez Fund Solutions;OBLIGATIONS EMERGENTES EN DEVISES FORTES;3;1,00%;0,80%;1,80%
LU1161527038;Edmond de Rothschild Fund - Bond Allocation A EUR Acc;Edmond de Rothschild Asset Management (Lux);OBLIGATIONS EURO FLEXIBLES;2;0,80%;0,60%;1,40%
LU1165644672;IVO Funds - IVO Emerging Markets Corporate Debt EUR R Acc;IVO Capital Partners;OBLIGATIONS EMERGENTES EN DEVISES FORTES;3;1,50%;0,60%;2,10%
LU1472740767;Mirova Funds - Mirova Global Green Bond Fund R/A (EUR);Natixis Investment Managers International;OBLIGATIONS MONDE COUVERTES;3;0,80%;0,60%;1,40%
LU1623762843;Carmignac Pf Credit A EUR Acc;Carmignac Gestion Luxembourg S.A.;OBLIGATIONS EURO FLEXIBLES;2;1,00%;0,60%;1,60%
LU1670708335;M&G (Lux) Global Convertibles Fund EUR A Acc;M&G Luxembourg S.A.;CONVERTIBLES INTERNATIONALES;3;1,50%;0,60%;2,10%
LU1670719613;M&G (Lux) Global Macro Bond Fund EUR A Acc;M&G Luxembourg S.A.;OBLIGATIONS INTERNATIONALES FLEXIBLES;3;1,25%;0,60%;1,85%
LU1670722161;M&G (Lux) Global Floating Rate High Yield Fund EUR A-H Acc;M&G Luxembourg S.A.;OBLIGATIONS INTERNATIONALES HAUT RENDEMENT;3;1,00%;0,60%;1,60%
LU1694789535;DNCA Invest Alpha Bonds B EUR;DNCA Finance;OBLIGATIONS INTERNATIONALES FLEXIBLES;2;1,40%;0,60%;2,00%
LU1876460905;Axiom Obligataire RC EUR(v);Axiom Alternative Investments;OBLIGATIONS D'ENTREPRISE EUR;2;1,20%;0,60%;1,80%
LU1897613763;Edmond de Rothschild Fund - Emerging Sovereign A EUR H;Edmond de Rothschild (Suisse) SA;OBLIGATIONS EMERGENTES EN DEVISES FORTES;3;1,00%;0,60%;1,60%
LU1902444584;CPR Invest - Climate Bonds Euro - A EUR - Acc;CPR Asset Management;OBLIGATIONS D'ENTREPRISE EUR;2;0,70%;0,60%;1,30%
LU1951229035;Natixis International Funds (Lux) I - Thematics Water Fund R/A (EUR);Natixis Investment Managers International;THEMATIQUES WATER;4;2,00%;0,80%;2,80%
LU2696109219;Quaero Capital Funds (Lux) - Bond Investment Opportunity D EUR Acc;Quaero Capital SA;OBLIGATIONS EURO HAUT RENDEMENT;2;1,25%;0,60%;1,85%
LU2786374178;Mandarine SICAV Global Target 2030 C;Mandarine Gestion;REVENUS FIXES EUR;3;1,15%;0,60%;1,75%
MS0000000003;H2O MULTIBONDS SP R M;H2O AM EUROPE;OBLIGATIONS INTERNATIONALES FLEXIBLES;7;0,55%;0,60%;1,15%
MS0000000004;H2O MULTIBONDS SP SR M;H2O AM EUROPE;OBLIGATIONS INTERNATIONALES FLEXIBLES;7;0,64%;0,60%;1,24%
MS0000000005;H2O ADAGIO SP R M;H2O AM EUROPE;OBLIGATIONS INTERNATIONALES FLEXIBLES;4;0,40%;0,60%;1,00%
FR0014011BI2;FREQUENCE PATRIMOINE OCTOBRE 25;NATIXIS;DIVERSIFIES;5;0,00%;0,60%;0,60%
FR1459AB8459;IMPULSION 9;GOLDMAN SACHS INTERNATIONAL;DIVERSIFIES;1;0,00%;0,60%;0,60%
FRC764200180;EXIGENCE 31 AVENIR;CITI GROUP;DIVERSIFIES;7;0,00%;0,60%;0,60%
BE0057451271;DPAM B - Equities Europe Dividend B EUR Cap;Degroof Petercam Asset Management SA;ACTIONS SECTEUR DIVIDENDES;5;1,60%;0,60%;2,20%
BE0058182792;DPAM B - Equities Euroland B Cap;Degroof Petercam Asset Management SA;ACTIONS EUROPE ZONE EURO;4;1,60%;0,60%;2,20%
BE0058185829;DPAM B - Equities Europe Small Caps Sustainable B Cap;Degroof Petercam Asset Management SA;ACTIONS EUROPE HORS UK PETITES & MOY. CAP.;4;1,60%;0,60%;2,20%
BE0946564383;DPAM B - Equities NewGems Sustainable B Cap;Degroof Petercam Asset Management SA;ACTIONS MONDE GDES CAP.;4;1,60%;0,60%;2,20%
BE0947764743;DPAM B - Equities Sustainable Food Trends B Cap;Degroof Petercam Asset Management SA;ACTIONS SECTEUR MATIERES PREMIERES;4;1,60%;0,60%;2,20%
DE0008474156;DWS European Opportunities LD;DWS Investment GmbH;ACTIONS EUROPE MOYENNES CAP.;5;1,40%;0,60%;2,00%
DE000A1EK0G3;Xtrackers Physical Gold EUR Hedged ETC;Xtrackers;MATIERES PREMIERES - OR;4;0,29%;0,60%;0,89%
FR0000003998;Lazard Equity SRI PC EUR;Lazard Frères Gestion;ACTIONS EUROPE ZONE EURO;4;1,12%;0,60%;1,72%
FR0000008674;Fidelity Europe A;FIL Gestion;ACTIONS EUROPE GDES CAP. MIXTE;4;1,90%;0,60%;2,50%
FR0000017329;Allianz Valeurs Durables RC;Allianz Global Investors GmbH;ACTIONS EUROPE ZONE EURO;4;1,79%;0,60%;2,39%
FR0000170243;AXA Europe Actions Action C;AXA Investment Managers Paris S.A.;ACTIONS EUROPE GDES CAP. MIXTE;4;1,79%;0,60%;2,39%
FR0000170318;AXA Europe Opportunités C;AXA Investment Managers Paris S.A.;ACTIONS EUROPE GDES CAP. MIXTE;4;2,39%;0,60%;2,99%
FR0000170391;AXA France Small Cap C;AXA Investment Managers Paris S.A.;ACTIONS FRANCE PETITES & MOY. CAP.;4;2,39%;0,60%;2,99%
FR0000284689;Comgest Monde C;Comgest SA;ACTIONS MONDE GDES CAP.;4;2,00%;0,60%;2,60%
FR0000292278;Magellan C;Comgest SA;ACTIONS MARCHÉS EMERGENTS;4;1,75%;0,60%;2,35%
FR0000295230;Comgest Renaissance Europe C;Comgest SA;ACTIONS EUROPE GDES CAP. CROISSANCE;4;1,75%;0,60%;2,35%
FR0000299356;Norden SRI;Lazard Frères Gestion;ACTIONS EUROPE DU NORD;4;2,00%;0,60%;2,60%
FR0000422842;Pluvalca Allcaps A;Montpensier Arbevel;ACTIONS FRANCE;4;2,29%;0,60%;2,89%
FR0000422859;Pluvalca Small Caps A;Montpensier Arbevel;ACTIONS FRANCE PETITES & MOY. CAP.;4;2,29%;0,60%;2,89%
FR0000423147;SG Actions Energie C C;Societe Generale Gestion;ACTIONS SECTEUR ENERGIE;5;2,40%;0,60%;3,00%
FR0000427809;HSBC Actions Europe AC;HSBC Global Asset Management (France);"ACTIONS EUROPE GDES CAP. ""VALUE""";4;1,60%;0,60%;2,20%
FR0000442949;Arkéa Focus - European Economy P;Arkéa Asset Management;ACTIONS FRANCE PETITES & MOY. CAP.;4;2,00%;0,60%;2,60%
FR0000443392;Lyxor Index Fund Euro;Amundi Asset Management;ACTIONS EUROPE ZONE EURO;5;0,50%;0,60%;1,10%
FR0000447609;Arkéa Focus - Human P;Arkéa Asset Management;ACTIONS FRANCE;4;2,00%;0,60%;2,60%
FR0000447864;AXA France Opportunités C;AXA Investment Managers Paris S.A.;ACTIONS FRANCE;4;2,00%;0,60%;2,60%
FR0000973562;Ecofi Convictions Monde C;Ecofi Investissements;ACTIONS MONDE GDES CAP.;5;1,80%;0,60%;2,40%
FR0000974149;Oddo BHF Avenir Europe CR-EUR;ODDO BHF Asset Management SAS;ACTIONS EUROPE MOYENNES CAP.;4;2,00%;0,60%;2,60%
FR0000975880;Allianz Actions Aéquitas R C/D;Allianz Global Investors GmbH;ACTIONS FRANCE;5;1,79%;0,60%;2,39%
FR0000979221;Valeur Intrinsèque P;Fourpoints Investment Managers;ACTIONS THEMATIQUES;4;2,25%;0,60%;2,85%
FR0000982449;HSBC Responsible Investment Funds - Europe Equity Green Transition AC;HSBC Global Asset Management (France);ACTIONS SECTEUR ENVIRONNEMENT;4;1,80%;0,60%;2,40%
FR0000982761;AXA Euro Valeurs Responsables C;AXA Investment Managers Paris S.A.;ACTIONS EUROPE ZONE EURO;4;1,50%;0,60%;2,10%
FR0000987950;Arkéa Indiciel Apal P;Arkéa Asset Management;ACTIONS THEMATIQUES;4;1,40%;0,60%;2,00%
FR0000987968;Arkéa Indiciel Japon P;Arkéa Asset Management;ACTIONS JAPON;5;1,10%;0,60%;1,70%
FR0000988057;Arkéa Indiciel US P;Arkéa Asset Management;ACTIONS ETATS-UNIS GDES CAP. MIXTE;5;1,30%;0,60%;1,90%
FR0000989899;Oddo BHF Avenir CR-EUR;ODDO BHF Asset Management SAS;ACTIONS FRANCE PETITES & MOY. CAP.;4;1,80%;0,60%;2,40%
FR0000990095;Oddo BHF Avenir Euro CR-EUR;ODDO BHF Asset Management SAS;ACTIONS EUROPE ZONE EURO PETITES & MOY. CAP.;4;2,00%;0,60%;2,60%
FR0000990848;Ecofi Actions US;Ecofi Investissements;ACTIONS ETATS-UNIS GDES CAP. CROISSANCE;5;1,75%;0,60%;2,35%
FR0000991770;CM-AM SICAV - CM-AM Europe Value RC;Credit Mutuel Asset Management;"ACTIONS EUROPE GDES CAP. ""VALUE""";4;1,79%;0,60%;2,39%
FR0000994378;Arkéa Schelcher Equity Convictions P;Arkéa Asset Management;ACTIONS EUROPE ZONE EURO;4;1,60%;0,60%;2,20%
FR0000994782;Allianz Actions Euro PME-ETI RC;Allianz Global Investors GmbH;ACTIONS EUROPE HORS UK PETITES & MOY. CAP.;5;2,05%;0,60%;2,65%
FR0007005764;BSO Bio Santé C;Saint Olive Gestion;ACTIONS SECTEUR SANTE;4;2,00%;0,60%;2,60%
FR0007052782;Amundi CAC 40 UCITS ETF Dist;Amundi Asset Management;ACTIONS FRANCE;5;0,25%;0,60%;0,85%
FR0007054358;Amundi EURO STOXX 50 II UCITS ETF Acc;Amundi Asset Management;ACTIONS EUROPE ZONE EURO;5;0,20%;0,60%;0,80%
FR0007056841;Amundi Dow Jones Industrial Average UCITS ETF Dist;Amundi Asset Management;ACTIONS ETATS-UNIS GDES CAP. MIXTE;5;0,50%;0,60%;1,10%
FR0007061882;Erasmus Mid Cap Europe R;Erasmus Gestion;ACTIONS EUROPE ZONE EURO PETITES & MOY. CAP.;4;1,50%;0,60%;2,10%
FR0007062567;AXA Social A Capitalisation EUR;AXA Investment Managers Paris S.A.;ACTIONS MONDE GDES CAP.;4;1,80%;0,60%;2,40%
FR0007073119;Sycomore Social Impact A;Sycomore Asset Management;ACTIONS EUROPE ZONE EURO;4;1,76%;0,60%;2,36%
FR0007075155;R-co Opal Equity Europe;Rothschild & Co Asset Management;ACTIONS EUROPE FLEX CAP;4;1,60%;0,60%;2,20%
FR0007075494;Amundi DJ Global Titans 50 UCITS ETF Dist;Amundi Asset Management;ACTIONS MONDE GDES CAP.;5;0,40%;0,60%;1,00%
FR0007076930;Centifolia C;DNCA Finance;ACTIONS FRANCE;5;2,39%;0,60%;2,99%
FR0007078811;ODDO BHF Métropole Sélection CRw EUR;ODDO BHF Asset Management SAS;"ACTIONS EUROPE GDES CAP. ""VALUE""";5;1,50%;0,60%;2,10%
FR0007371729;Vendôme Sélection PC;CA Indosuez Gestion;ACTIONS FRANCE PETITES & MOY. CAP.;4;1,95%;0,60%;2,55%
FR0007390174;CM-AM SICAV - CM-AM Global Gold RC;Credit Mutuel Asset Management;ACTIONS SECTEUR METAUX PRECIEUX;6;2,00%;0,60%;2,60%
FR0007450002;CG Nouvelle Asie C;Comgest SA;ACTIONS ASIE-PACIFIQUE HORS JAPON;4;2,50%;0,60%;3,10%
FR0007457890;R-co Thematic Real Estate C;Rothschild & Co Asset Management;IMMOBILIER - INDIRECT EUROPE;5;1,50%;0,60%;2,10%
FR0007468798;R-co Thematic Family Businesses C EUR;Rothschild & Co Asset Management;ACTIONS ZONE EURO PETITES CAP.;4;1,70%;0,60%;2,30%
FR0010011171;AXA Or et Matières Premières C;AXA Investment Managers Paris S.A.;ACTIONS SECTEUR MATIERES PREMIERES;5;2,00%;0,60%;2,60%
FR0010058008;DNCA Value Europe C;DNCA Finance;"ACTIONS EUROPE GDES CAP. ""VALUE""";4;2,39%;0,60%;2,99%
FR0010058529;THEMATICS EUROPE SELECTION R (C);Natixis Investment Managers International;ACTIONS EUROPE FLEX CAP;4;1,79%;0,60%;2,39%
FR0010058628;HSBC Small Cap France A;HSBC Global Asset Management (France);ACTIONS FRANCE PETITES & MOY. CAP.;5;2,10%;0,60%;2,70%
FR0010077412;BNP Paribas Développement Humain Classic;BNP PARIBAS ASSET MANAGEMENT Europe;ACTIONS EUROPE GDES CAP. MIXTE;4;1,50%;0,60%;2,10%
FR0010077859;BNP Paribas Midcap France Classic D;BNP PARIBAS ASSET MANAGEMENT Europe;ACTIONS FRANCE;5;1,40%;0,60%;2,00%
FR0010108662;Arkéa Select - Actions Europe P;Arkéa Asset Management;ACTIONS EUROPE FLEX CAP;4;1,60%;0,60%;2,20%
FR0010109140;Montségur Croissance C;Montségur Finance;ACTIONS EUROPE GDES CAP. CROISSANCE;4;2,60%;0,60%;3,20%
FR0010119917;Lazard Actifs Réels C;Lazard Frères Gestion;IMMOBILIER - INDIRECT EUROPE;5;1,50%;0,60%;2,10%
FR0010128587;BNP Paribas Smallcap Euroland Responsable Classic C;BNP PARIBAS ASSET MANAGEMENT Europe;ACTIONS EUROPE ZONE EURO PETITES & MOY. CAP.;4;1,50%;0,60%;2,10%
FR0010143545;HSBC Actions Patrimoine AC;HSBC Global Asset Management (France);ACTIONS FRANCE;5;1,60%;0,60%;2,20%
FR0010148981;Carmignac Investissement A EUR Acc;Carmignac Gestion;ACTIONS MONDE GDES CAP.;4;1,50%;0,60%;2,10%
FR0010149302;Carmignac Emergents A EUR Acc;Carmignac Gestion;ACTIONS MARCHÉS EMERGENTS;4;1,50%;0,60%;2,10%
FR0010153320;Amundi Actions USA Responsable P C;Amundi Asset Management;ACTIONS ETATS-UNIS GDES CAP. MIXTE;5;1,60%;0,60%;2,20%
FR0010158048;Dorval Drivers Europe R C;Dorval Asset Management;ACTIONS EUROPE GDES CAP. CROISSANCE;4;2,00%;0,60%;2,60%
FR0010174144;BDL Rempart C;BDL Capital Management;PERFORMANCE ABSOLUE EUR;3;2,25%;0,60%;2,85%
FR0010178665;Gay-Lussac Green Impact A;Gay-Lussac Gestion;ACTIONS EUROPE GDES CAP. MIXTE;4;2,32%;0,60%;2,92%
FR0010187898;R-co Conviction Equity Value Euro C EUR;Rothschild & Co Asset Management;ACTIONS EUROPE ZONE EURO;5;1,50%;0,60%;2,10%
FR0010188383;Amundi Actions Emergents P C;Amundi Asset Management;ACTIONS MARCHÉS EMERGENTS;4;2,03%;0,60%;2,63%
FR0010223537;Delubac Pricing Power P;Delubac Asset Management;ACTIONS EUROPE GDES CAP. MIXTE;5;2,15%;0,60%;2,75%
FR0010237503;Roche-Brune Europe Valeurs Responsables P;Apicil Asset Management;ACTIONS EUROPE FLEX CAP;4;2,00%;0,60%;2,60%
FR0010241240;HMG Globetrotter C;HMG Finance;ACTIONS MARCHÉS EMERGENTS;3;2,39%;0,60%;2,99%
FR0010245514;Amundi Japan TOPIX II UCITS ETF EUR Dist;Amundi Asset Management;ACTIONS JAPON;4;0,45%;0,60%;1,05%
FR0010283838;Stratégie Euro Dividendes Responsables P;Apicil Asset Management;ACTIONS EUROPE ZONE EURO;4;1,65%;0,60%;2,25%
FR0010286005;Sextant PEA A;Amiral Gestion;ACTIONS ZONE EURO PETITES CAP.;4;2,30%;0,60%;2,90%
FR0010288308;Groupama Avenir Euro NC;Groupama Asset Management;ACTIONS EUROPE ZONE EURO PETITES & MOY. CAP.;5;2,00%;0,60%;2,60%
FR0010298596;Moneta Multi Caps C;Moneta Asset Management;ACTIONS FRANCE;4;1,50%;0,60%;2,10%
FR0010302398;BNP Paribas Euro Climate Aligned Classic C;BNP PARIBAS ASSET MANAGEMENT Europe;ACTIONS EUROPE GDES CAP. MIXTE;4;1,50%;0,60%;2,10%
FR0010315770;Amundi MSCI World II UCITS ETF Dist;Amundi Asset Management;ACTIONS MONDE GDES CAP.;4;0,30%;0,60%;0,90%
FR0010321802;Echiquier Agressor A;La Financière de l'Echiquier;ACTIONS EUROPE FLEX CAP;4;2,25%;0,60%;2,85%
FR0010321810;Echiquier Agenor SRI Mid Cap Europe A;La Financière de l'Echiquier;ACTIONS EUROPE MOYENNES CAP.;4;2,39%;0,60%;2,99%
FR0010321828;Echiquier Major SRI Growth Europe A;La Financière de l'Echiquier;ACTIONS EUROPE GDES CAP. CROISSANCE;4;2,39%;0,60%;2,99%
FR0010341800;Palatine Planète I;Palatine Asset Management;ACTIONS SECTEUR ENVIRONNEMENT;4;1,50%;0,60%;2,10%
FR0010342592;Amundi Nasdaq-100 Daily (2x) Leveraged UCITS ETF Acc;Amundi Asset Management;ACTIONS THEMATIQUES;7;0,60%;0,60%;1,20%
FR0010361683;Amundi MSCI India II UCITS ETF EUR Acc;Amundi Asset Management;ACTIONS MARCHÉS EMERGENTS ASIE;5;0,85%;0,60%;1,45%
FR0010376343;Sycomore Sélection Midcap A;Sycomore Asset Management;ACTIONS EUROPE ZONE EURO PETITES & MOY. CAP.;4;1,50%;0,60%;2,10%
FR0010376368;Sycomore Sélection Midcap R;Sycomore Asset Management;ACTIONS EUROPE ZONE EURO PETITES & MOY. CAP.;4;2,00%;0,60%;2,60%
FR0010380675;Lazard Actions Emergentes R;Lazard Frères Gestion;ACTIONS MARCHÉS EMERGENTS;4;2,15%;0,60%;2,75%
FR0010392225;Varenne Selection A-EUR;Varenne Capital Partners;PERFORMANCE ABSOLUE INTERNATIONALE;4;1,95%;0,60%;2,55%
FR0010429068;Amundi MSCI Emerging Markets III UCITS ETF EUR Acc;Amundi Asset Management;ACTIONS MARCHÉS EMERGENTS;4;0,55%;0,60%;1,15%
FR0010458745;Amundi Actions Euro Responsable P C;Amundi Asset Management;ACTIONS EUROPE ZONE EURO;4;1,20%;0,60%;1,80%
FR0010466128;Pluvalca Alterna Plus A;Montpensier Arbevel;ALLOCATION D'ACTIFS EUR PRUDENTE;2;1,20%;0,60%;1,80%
FR0010468983;Amundi EURO STOXX 50 Daily (2x) Leveraged UCITS ETF Acc;Amundi Asset Management;ACTIONS THEMATIQUES;7;0,40%;0,60%;1,00%
FR0010479931;Edmond de Rothschild India A EUR accumulating;Edmond de Rothschild Asset Management (France);ACTIONS MARCHÉS EMERGENTS ASIE;5;1,85%;0,60%;2,45%
FR0010505578;EdR SICAV - Euro Sustainable Equity A EUR;Edmond de Rothschild Asset Management (France);ACTIONS EUROPE ZONE EURO;4;1,95%;0,60%;2,55%
FR0010527275;Amundi MSCI Water ESG Screened UCITS ETF Dist;Amundi Asset Management;THEMATIQUES WATER;4;0,60%;0,60%;1,20%
FR0010546929;Tocqueville Dividende C;La Financière de l'Echiquier;ACTIONS SECTEUR DIVIDENDES;4;2,39%;0,60%;2,99%
FR0010546937;Tocqueville Dividende D;La Financière de l'Echiquier;ACTIONS SECTEUR DIVIDENDES;4;2,39%;0,60%;2,99%
FR0010546945;Tocqueville Megatrends C;La Financière de l'Echiquier;ACTIONS EUROPE FLEX CAP;4;1,99%;0,60%;2,59%
FR0010546960;Tocqueville France C;La Financière de l'Echiquier;ACTIONS FRANCE;4;1,99%;0,60%;2,59%
FR0010547067;Echiquier Value Europe P;La Financière de l'Echiquier;"ACTIONS EUROPE GDES CAP. ""VALUE""";5;2,39%;0,60%;2,99%
FR0010547869;Sextant Pme;Amiral Gestion;ACTIONS ZONE EURO PETITES CAP.;4;2,30%;0,60%;2,90%
FR0010554303;Mandarine Valeur R;Mandarine Gestion;"ACTIONS EUROPE GDES CAP. ""VALUE""";5;2,04%;0,60%;2,64%
FR0010574434;ODDO BHF Génération CR-EUR;ODDO BHF Asset Management SAS;ACTIONS EUROPE ZONE EURO;5;2,00%;0,60%;2,60%
FR0010588343;EdR SICAV - Tricolore Convictions A EUR;Edmond de Rothschild Asset Management (France);ACTIONS FRANCE;4;1,95%;0,60%;2,55%
FR0010591362;Amundi CAC 40 Daily (-1x) Inverse UCITS ETF Acc;Amundi Asset Management;ACTIONS FRANCE;6;0,40%;0,60%;1,00%
FR0010592014;Amundi CAC 40 Daily (2x) Leveraged UCITS ETF Acc;Amundi Asset Management;ACTIONS THEMATIQUES;7;0,40%;0,60%;1,00%
FR0010592022;Ecofi Enjeux Futurs C;Ecofi Investissements;ACTIONS SECTEUR ENVIRONNEMENT;4;2,00%;0,60%;2,60%
FR0010601971;HMG Découvertes C;HMG Finance;ACTIONS FRANCE PETITES & MOY. CAP.;3;2,35%;0,60%;2,95%
FR0010632364;ODDO BHF Métropole Euro CRw EUR;ODDO BHF Asset Management SAS;ACTIONS EUROPE ZONE EURO;5;1,50%;0,60%;2,10%
FR0010642280;Ecofi Agir Pour Le Climat C;Ecofi Investissements;ACTIONS SECTEUR ENVIRONNEMENT;4;2,00%;0,80%;2,80%
FR0010649772;Tocqueville Materials for the Future P;La Financière de l'Echiquier;ACTIONS SECTEUR METAUX PRECIEUX;6;2,00%;0,60%;2,60%
FR0010651224;BDL Convictions C;BDL Capital Management;ACTIONS EUROPE FLEX CAP;5;2,00%;0,60%;2,60%
FR0010657122;Mandarine Opportunités R;Mandarine Gestion;ACTIONS FRANCE;5;2,20%;0,60%;2,80%
FR0010668145;BNP Paribas Aqua Classic;BNP PARIBAS ASSET MANAGEMENT Europe;THEMATIQUES WATER;4;2,00%;0,60%;2,60%
FR0010679886;Lazard Actions Euro R;Lazard Frères Gestion;ACTIONS EUROPE ZONE EURO;4;0,09%;0,60%;0,69%
FR0010679902;Lazard Small Caps France R;Lazard Frères Gestion;ACTIONS FRANCE PETITES & MOY. CAP.;4;2,18%;0,60%;2,78%
FR0010687749;Mandarine Premium Europe R;Mandarine Gestion;ACTIONS EUROPE MOYENNES CAP.;4;2,25%;0,60%;2,85%
FR0010689141;Lazard Small Caps Euro R;Lazard Frères Gestion;ACTIONS ZONE EURO PETITES CAP.;4;2,20%;0,60%;2,80%
FR0010738153;Agora Actions Euro R;OTEA Capital;ACTIONS EUROPE ZONE EURO;4;2,50%;0,60%;3,10%
FR0010784835;R-co 4Change Net Zero Equity Euro C EUR;Rothschild & Co Asset Management;ACTIONS EUROPE ZONE EURO;5;1,57%;0,80%;2,37%
FR0010830240;Lazard Alpha Euro R;Lazard Frères Gestion;ACTIONS EUROPE ZONE EURO;5;1,98%;0,60%;2,58%
FR0010859769;Echiquier World Equity Growth A;La Financière de l'Echiquier;ACTIONS MONDE GDES CAP.;4;2,25%;0,60%;2,85%
FR0010863688;Echiquier Positive Impact Europe A;La Financière de l'Echiquier;ACTIONS EUROPE FLEX CAP;4;1,80%;0,60%;2,40%
FR0010869578;Amundi German Bund Daily (-2x) Inverse UCITS ETF Acc;Amundi Asset Management;DIVERSIFIES;5;0,20%;0,60%;0,80%
FR0010909531;R-co Thematic Silver Plus C;Rothschild & Co Asset Management;ACTIONS SECTEUR SANTE;4;1,50%;0,60%;2,10%
FR0010915181;Palatine Europe Sustainable Employment Palatine;Palatine Asset Management;ACTIONS EUROPE ZONE EURO;4;1,20%;0,60%;1,80%
FR0010917658;CPR Silver Age E;CPR Asset Management;ACTIONS EUROPE GDES CAP. CROISSANCE;4;2,20%;0,60%;2,80%
FR0010922963;Sunny Managers F;Sunny Asset Management;ACTIONS FRANCE PETITES & MOY. CAP.;4;2,39%;0,60%;2,99%
FR0011169341;Sycomore Sélection Responsable R;Sycomore Asset Management;ACTIONS EUROPE ZONE EURO;4;2,00%;0,60%;2,60%
FR0011170182;Ofi Invest Precious Metals R;OFI Invest Asset Management;MATIERES PREMIERES - OR;5;1,50%;0,60%;2,10%
FR0011212547;RMM Actions USA C EUR;Rothschild & Co Asset Management;ACTIONS ETATS-UNIS GDES CAP. MIXTE;5;1,50%;0,60%;2,10%
FR0011268705;GemEquity R;Gemway Assets;ACTIONS MARCHÉS EMERGENTS;4;2,10%;0,60%;2,70%
FR0011271550;Keren Essentiels C;Keren Finance;ACTIONS FRANCE PETITES & MOY. CAP.;4;2,00%;0,60%;2,60%
FR0011315696;Pluvalca Initiatives PME A;Montpensier Arbevel;ACTIONS FRANCE PETITES & MOY. CAP.;4;2,00%;0,60%;2,60%
FR0011360700;Echiquier Value Euro A;La Financière de l'Echiquier;ACTIONS EUROPE ZONE EURO;4;2,39%;0,60%;2,99%
FR0011449602;Echiquier World Next Leaders A;La Financière de l'Echiquier;ACTIONS THEMATIQUES;5;1,65%;0,60%;2,25%
FR0011466093;Quadrige France Smallcaps C;Groupama Asset Management;ACTIONS FRANCE PETITES & MOY. CAP.;4;2,00%;0,60%;2,60%
FR0011474980;Norden Small IC;Lazard Frères Gestion;ACTIONS EUROPE DU NORD PETITES & MOY. CAP.;5;2,00%;0,60%;2,60%
FR0011475078;Amundi Japan TOPIX II UCITS ETF EUR Hedged Dist;Amundi Asset Management;ACTIONS JAPON;4;0,45%;0,60%;1,05%
FR0011550185;BNP Paribas Easy S&P 500 UCITS ETF EUR C;BNP PARIBAS ASSET MANAGEMENT Europe;ACTIONS ETATS-UNIS GDES CAP. MIXTE;5;0,12%;0,60%;0,72%
FR0011558246;Echiquier Entrepreneurs A;La Financière de l'Echiquier;ACTIONS EUROPE HORS UK PETITES & MOY. CAP.;4;2,39%;0,60%;2,99%
FR0011640887;Erasmus Small Cap Europe R;Erasmus Gestion;ACTIONS ZONE EURO PETITES CAP.;4;2,40%;0,60%;3,00%
FR0011660927;Amundi MSCI World II UCITS ETF EUR Hedged Dist;Amundi Asset Management;ACTIONS MONDE GDES CAP.;4;0,30%;0,60%;0,90%
FR0011689330;Richelieu Family R;Richelieu Invest;ACTIONS EUROPE HORS UK PETITES & MOY. CAP.;4;1,80%;0,60%;2,40%
FR0011694256;Sofidy Sélection 1 P;Sofidy;IMMOBILIER - INDIRECT EUROPE;4;2,00%;0,60%;2,60%
FR0011720911;Amundi MSCI China A UCITS ETF Acc;Amundi Asset Management;ACTIONS CHINE - A SHARES;5;0,35%;0,60%;0,95%
FR0011871078;Amundi PEA Chine (MSCI China) Screened UCITS ETF - Acc;Amundi Asset Management;ACTIONS CHINE;5;0,65%;0,60%;1,25%
FR0011871110;Amundi PEA Nasdaq-100 UCITS ETF Acc;Amundi Asset Management;ACTIONS ETATS-UNIS GDES CAP. CROISSANCE;5;0,30%;0,60%;0,90%
FR0011891506;DNCA Actions Euro PME R;DNCA Finance;ACTIONS EUROPE ZONE EURO PETITES & MOY. CAP.;4;2,00%;0,60%;2,60%
FR0012020741;Kirao Multicaps AC;Kirao;ACTIONS FRANCE;4;2,35%;0,60%;2,95%
FR0012316180;DNCA Opportunites Zone Euro C;DNCA Finance;ACTIONS EUROPE ZONE EURO;5;2,00%;0,60%;2,60%
FR0012633311;Kirao Smallcaps AC;Kirao;ACTIONS EUROPE HORS UK PETITES & MOY. CAP.;4;2,35%;0,60%;2,95%
FR0013072097;Quadrige Europe Midcaps C;Groupama Asset Management;ACTIONS ZONE EURO PETITES CAP.;4;2,00%;0,60%;2,60%
FR0013076528;Pluvalca Disruptive Opportunities A;Montpensier Arbevel;ACTIONS SECTEUR TECHNOLOGIES;4;2,00%;0,60%;2,60%
FR0013219243;EdR SICAV - Equity Euro Solve A EUR;Edmond de Rothschild Asset Management (France);DIVERSIFIES EUR FLEXIBLES;4;1,45%;0,60%;2,05%
FR0013267150;Ofi Invest ESG Equity Climate Focus RC;OFI Invest Asset Management;ACTIONS SECTEUR ENVIRONNEMENT;4;1,80%;0,60%;2,40%
FR0013275112;Ofi Invest ESG Euro Equity R;OFI Invest Asset Management;ACTIONS EUROPE ZONE EURO;4;1,80%;0,60%;2,40%
FR0013329778;Yomoni Monde ISR A;Yomoni;ACTIONS MONDE GDES CAP.;4;1,30%;0,60%;1,90%
FR0013329786;Yomoni Allocation A;Yomoni;DIVERSIFIES INTERNATIONAUX FLEXIBLES;3;1,30%;0,60%;1,90%
FR0013351285;HMG Découvertes PME C;HMG Finance;ACTIONS FRANCE PETITES & MOY. CAP.;3;2,35%;0,60%;2,95%
FR0013373214;Arkéa Select - Mégatendances P;Arkéa Asset Management;ACTIONS MONDE GDES CAP.;4;0,90%;0,60%;1,50%
FR0013379328;Groupama Actions Europe NA;Groupama Asset Management;ACTIONS EUROPE GDES CAP. MIXTE;4;1,50%;0,60%;2,10%
FR0013383825;Pluvalca Sustainable Opportunities A;Montpensier Arbevel;ACTIONS EUROPE HORS UK PETITES & MOY. CAP.;4;2,20%;0,60%;2,80%
FR0013428927;EdR SICAV - Green New Deal A EUR;Edmond de Rothschild Asset Management (France);ACTIONS SECTEUR ENVIRONNEMENT;4;1,70%;0,60%;2,30%
FR0013432754;ADS Venn Collective Alpha Europe P;Arkéa Asset Management;ACTIONS EUROPE GDES CAP. MIXTE;4;1,80%;0,60%;2,40%
FR0013532710;CPR Ambition France P;CPR Asset Management;ACTIONS FRANCE;4;1,52%;0,60%;2,12%
FR00140052N5;Silver Autonomie R;Colville Capital Partners France;ACTIONS SECTEUR SANTE;4;2,20%;0,80%;3,00%
FR0014008NN3;Ofi Invest Energy Strategic Metals R;OFI Invest Asset Management;ACTIONS SECTEUR ENERGIE;5;1,81%;0,60%;2,41%
FR00140092S0;Terroirs et Avenir : La SICAV du Monde Agricole R;Colville Capital Partners France;ACTIONS SECTEUR MATIERES PREMIERES;4;2,20%;0,80%;3,00%
FR0014009Z77;EdR SICAV European Smaller Companies A EUR;Edmond de Rothschild Asset Management (France);ACTIONS EUROPE HORS UK PETITES & MOY. CAP.;4;1,90%;0,60%;2,50%
FR001400BY52;TF Global Client Focus R;TrusTeam Finance;ACTIONS MONDE GDES CAP.;4;2,20%;0,60%;2,80%
FR001400CEG4;Sextant Quality Focus A;Amiral Gestion;ACTIONS MONDE GDES CAP.;4;1,80%;0,60%;2,40%
FR001400FUB4;EdR SICAV European Catalysts A Eur;Edmond de Rothschild Asset Management (France);ACTIONS EUROPE GDES CAP. MIXTE;4;1,70%;0,60%;2,30%
FR001400HH99;Agora Actions Euro I;OTEA Capital;ACTIONS EUROPE ZONE EURO;4;1,50%;0,60%;2,10%
FR001400UFD0;American Convictions I;OTEA Capital;ACTIONS ETATS-UNIS GDES CAP. MIXTE;4;1,20%;0,60%;1,80%
IE00016PSX47;Amundi MSCI World ESG Selection UCITS ETF ACC;Amundi Ireland Limited;ACTIONS MONDE GDES CAP.;4;0,08%;0,60%;0,68%
IE0003JSNHV9;JPM Global Research Enhanced Index Equity SRI Paris Aligned Active UCITS ETF - EUR (acc);JPMorgan Asset Management (Europe) S.à r.l.;ACTIONS MONDE GDES CAP.;4;0,00%;0,60%;0,60%
IE0004850503;Barings Emerging Markets Umbrella Fund - Barings Global Emerging Markets Fund Class A EUR Inc;Baring International Fund Mgrs (Ireland) Limited;ACTIONS MARCHÉS EMERGENTS;4;1,50%;0,60%;2,10%
IE0004866665;Barings International Umbrella Fund - Barings Australia Fund Class A EUR Inc;Baring International Fund Mgrs (Ireland) Limited;ACTIONS AUSTRALIE & NOUVELLE-ZÉLANDE;5;1,25%;0,60%;1,85%
IE0004866889;Barings International Umbrella Fund - Barings Hong Kong China Fund Class A EUR Inc;Baring International Fund Mgrs (Ireland) Limited;ACTIONS CHINE;5;1,25%;0,60%;1,85%
IE0004868828;Barings International Umbrella Fund - Barings ASEAN Frontiers Fund Class A EUR Inc;Baring International Fund Mgrs (Ireland) Limited;ACTIONS ASIE-PACIFIQUE HORS JAPON;4;1,25%;0,60%;1,85%
IE0009BC6K22;HSBC MSCI Emerging Markets Islamic Screened Capped UCITS ETF USD Acc;HSBC Investment Funds (Luxembourg) S.A.;ACTIONS MARCHÉS EMERGENTS MONDE;6;0,35%;0,60%;0,95%
IE000CN8T855;JPMorgan ETFs (Ireland) ICAV - US Research Enhanced Index Equity Active UCITS ETF - EUR Hedged (acc);JPMorgan Asset Management (Europe) S.à r.l.;ACTIONS ETATS-UNIS GDES CAP. MIXTE;5;0,00%;0,60%;0,60%
IE000COQKPO9;Invesco Markets II plc - Invesco NASDAQ-100 ESG UCITS ETF USD Acc;Invesco Investment Management Limited;ACTIONS ETATS-UNIS GDES CAP. CROISSANCE;5;0,25%;0,60%;0,85%
IE000EFHIFG3;Amundi ETF ICAV - Amundi S&P World Communication Services Screened UCITS ETF Acc;Amundi Ireland Limited;ACTIONS SECTEUR COMMUNICATIONS;5;0,08%;0,60%;0,68%
IE000FCGBU62;Amundi ETF ICAV - Amundi S&P World Materials Screened UCITS ETF Acc;Amundi Ireland Limited;ACTIONS SECTEUR MATIERES PREMIERES;6;0,08%;0,60%;0,68%
IE000IP0UC52;Amundi MSCI USA ESG Selection UCITS ETF Acc EUR HEDGED;Amundi Ireland Limited;ACTIONS ETATS-UNIS GDES CAP. MIXTE;5;0,05%;0,60%;0,65%
IE000J0LN0R5;Amundi ETF ICAV - Amundi S&P World Energy Screened UCITS ETF Acc;Amundi Ireland Limited;ACTIONS SECTEUR ENERGIE;5;0,08%;0,60%;0,68%
IE000K1P4V37;Amundi MSCI World SRI Climate Net Zero Ambition PAB UCITS ETF EUR Hedged Acc;Amundi Ireland Limited;ACTIONS MONDE GDES CAP.;4;0,10%;0,60%;0,70%
IE000KXCEXR3;Amundi S&P 500 Screened UCITS ETF - Acc;Amundi Ireland Limited;ACTIONS ETATS-UNIS GDES CAP. MIXTE;5;0,05%;0,60%;0,65%
IE000LTA2082;Amundi ETF ICAV - Amundi S&P World Industrials Screened UCITS ETF Acc;Amundi Ireland Limited;ACTIONS SECTEUR BIENS INDUSTRIELS;4;0,08%;0,60%;0,68%
IE000M86QRT4;Amundi S&P 500 Equal Weight ESG UCITS ETF EUR Hedged Acc;Amundi Ireland Limited;ACTIONS ETATS-UNIS GDES CAP. MIXTE;5;0,10%;0,60%;0,70%
IE000NM0ALX6;Amundi ETF ICAV - Amundi S&P World Consumer Discretionary Screened UCITS ETF Acc;Amundi Ireland Limited;ACTIONS SECTEUR BIENS DE CONSOMMATION;5;0,08%;0,60%;0,68%
IE000PEAJOT0;Amundi MSCI USA ESG Selection UCITS ETF Acc;Amundi Ireland Limited;ACTIONS ETATS-UNIS GDES CAP. MIXTE;5;0,15%;0,60%;0,75%
IE000PMX0MW6;Amundi ETF ICAV - Amundi S&P World Utilities Screened UCITS ETF Acc;Amundi Ireland Limited;ACTIONS SECTEUR UTILITIES;4;0,08%;0,60%;0,68%
IE000Y77LGG9;Amundi MSCI World SRI Climate Net Zero Ambition PAB UCITS ETF EUR Acc;Amundi Ireland Limited;ACTIONS MONDE GDES CAP.;4;0,08%;0,60%;0,68%
IE000ZIJ5B20;Amundi ETF ICAV - Amundi S&P World Consumer Staples Screened UCITS ETF Acc;Amundi Ireland Limited;ACTIONS SECTEUR BIENS DE CONSOMMATION;4;0,08%;0,60%;0,68%
IE0030351732;Comgest Growth China EUR Acc;Comgest Asset Management Intl Ltd;ACTIONS CHINE;5;1,50%;0,60%;2,10%
IE0031069499;AXA IM Equity Trust - AXA IM All Country Asia Pacific Ex- Japan Small Cap Equity QI B (â‚¬);AXA Investment Managers Paris S.A.;ACTIONS ASIE-PACIFIQUE HORS JAPON;4;1,50%;0,60%;2,10%
IE0031069721;AXA IM Equity Trust - AXA IM Japan Small Cap Equity B;AXA Investment Managers Paris S.A.;ACTIONS JAPON;4;1,50%;0,60%;2,10%
IE00B19Z3920;FTGF ClearBridge US Value Fund Class A Euro Accumulating;Franklin Templeton International Services S.à r.l.;"ACTIONS ETATS-UNIS GDES CAP. ""VALUE""";5;1,35%;0,60%;1,95%
IE00B19Z4C24;FTGF Royce US Small Cap Opportunity Fund Class A Euro Accumulating;Franklin Templeton International Services S.à r.l.;ACTIONS ETATS-UNIS PETITES CAP.;5;1,50%;0,60%;2,10%
IE00B52XQP83;iShares MSCI South Africa UCITS ETF USD (Acc);BlackRock Asset Management Ireland - ETF;ACTIONS MARCHÉS EMERGENTS MONDE;6;0,65%;0,60%;1,25%
IE00B6X2JP23;Comgest Growth America EUR R Acc;Comgest Asset Management Intl Ltd;ACTIONS ETATS-UNIS GDES CAP. CROISSANCE;5;2,00%;0,60%;2,60%
IE00B6X8T619;Comgest Growth Europe EUR R Acc;Comgest Asset Management Intl Ltd;ACTIONS EUROPE GDES CAP. CROISSANCE;4;2,00%;0,60%;2,60%
IE00BD1DJ122;Comgest Growth Japan EUR R Acc;Comgest Asset Management Intl Ltd;ACTIONS JAPON;4;1,70%;0,60%;2,30%
IE00BD5HXJ66;Comgest Growth Europe Opportunities EUR R Acc;Comgest Asset Management Intl Ltd;ACTIONS EUROPE FLEX CAP;5;2,00%;0,60%;2,60%
IE00BDDRDY39;JPMorgan ETFs (Ireland) ICAV - USD Emerging Markets Sovereign Bond UCITS ETF EUR (acc) Hedged;JPMorgan Asset Management (Europe) S.à r.l.;OBLIGATIONS EMERGENTES EN DEVISES FORTES;3;0,00%;0,60%;0,60%
IE00BF4G7076;JPMorgan ETFs (Ireland) ICAV - US Research Enhanced Index Equity Active UCITS ETF - USD (acc);JPMorgan Asset Management (Europe) S.à r.l.;ACTIONS ETATS-UNIS GDES CAP. MIXTE;5;0,00%;0,60%;0,60%
IE00BFMNPS42;Xtrackers MSCI USA ESG UCITS ETF 1C;DWS Investment S.A. (ETF);ACTIONS ETATS-UNIS GDES CAP. MIXTE;5;0,05%;0,60%;0,65%
IE00BFNM3B99;iShares MSCI EMU Screened UCITS ETF EUR (Acc);BlackRock Asset Management Ireland - ETF;ACTIONS EUROPE ZONE EURO;4;0,12%;0,60%;0,72%
IE00BGV5VN51;Xtrackers Artificial Intelligence & Big Data UCITS ETF 1C;DWS Investment S.A. (ETF);THEMATIQUES INTELLIGENCE ARTIFICIELLE;5;0,25%;0,60%;0,85%
IE00BHXMHL11;UBS S&P 500 Scored & Screened UCITS ETF USD acc;UBS Fund Management (Ireland) Ltd.;ACTIONS ETATS-UNIS GDES CAP. MIXTE;4;0,10%;0,60%;0,70%
IE00BHXMHQ65;UBS S&P 500 Scored & Screened UCITS ETF hEUR acc;UBS Fund Management (Ireland) Ltd.;ACTIONS ETATS-UNIS GDES CAP. MIXTE;4;0,13%;0,60%;0,73%
IE00BLNMYC90;Xtrackers S&P 500 Equal Weight UCITS ETF 1C;DWS Investment S.A. (ETF);ACTIONS ETATS-UNIS GDES CAP. MIXTE;5;0,10%;0,60%;0,70%
IE00BYX2JD69;iShares MSCI World SRI UCITS ETF EUR (Acc);BlackRock Asset Management Ireland - ETF;ACTIONS MONDE GDES CAP.;4;0,20%;0,60%;0,80%
IE00BYZK4669;iShares Ageing Population UCITS ETF USD (Acc);BlackRock Asset Management Ireland - ETF;ACTIONS SECTEUR SANTE;4;0,40%;0,60%;1,00%
IE00BYZK4776;iShares Healthcare Innovation UCITS ETF USD (Acc);BlackRock Asset Management Ireland - ETF;ACTIONS SECTEUR SANTE;5;0,40%;0,60%;1,00%
IE00BYZK4883;iShares Digitalisation UCITS ETF USD (Acc);BlackRock Asset Management Ireland - ETF;THEMATIQUES TECHNOLOGIE;5;0,40%;0,60%;1,00%
LU0048573561;Fidelity Funds - America Fund A-DIST;Fidelity (FIL Inv Mgmt (Lux) S.A.);"ACTIONS ETATS-UNIS GDES CAP. ""VALUE""";4;1,50%;0,60%;2,10%
LU0048573645;Fidelity Funds - ASEAN Fund A-DIST-USD;Fidelity (FIL Inv Mgmt (Lux) S.A.);ACTIONS ASIE-PACIFIQUE HORS JAPON;4;1,50%;0,60%;2,10%
LU0048584097;Fidelity Funds - Global Thematic Opportunities Fund A-USD;Fidelity (FIL Inv Mgmt (Lux) S.A.);ACTIONS MONDE GDES CAP.;4;1,50%;0,60%;2,10%
LU0048584766;Fidelity Funds - Italy Fund A-DIST-EUR;Fidelity (FIL Inv Mgmt (Lux) S.A.);ACTIONS EUROPE ZONE EURO;5;1,50%;0,60%;2,10%
LU0048585144;FF - Japan Equity ESG Fund A-JPY;Fidelity (FIL Inv Mgmt (Lux) S.A.);ACTIONS JAPON;4;1,50%;0,60%;2,10%
LU0048588080;Fidelity Funds - Nordic Fund A-DIST-SEK;Fidelity (FIL Inv Mgmt (Lux) S.A.);ACTIONS EUROPE DU NORD PETITES & MOY. CAP.;4;1,50%;0,60%;2,10%
LU0048597586;Fidelity Funds - Asia Equity ESG Fund A-DIST-USD;Fidelity (FIL Inv Mgmt (Lux) S.A.);ACTIONS ASIE-PACIFIQUE HORS JAPON;4;1,50%;0,60%;2,10%
LU0048621477;Fidelity Funds - Thailand Fund A-DIST-USD;Fidelity (FIL Inv Mgmt (Lux) S.A.);ACTIONS MARCHÉS EMERGENTS ASIE;4;1,50%;0,60%;2,10%
LU0049112450;Fidelity Funds - Pacific Fund A-DIST-USD;Fidelity (FIL Inv Mgmt (Lux) S.A.);ACTIONS PACIFIQUE EX-JAPON;4;1,50%;0,60%;2,10%
LU0053685029;JPMorgan Funds - Europe Equity Fund A (dist) - EUR;JPMorgan Asset Management (Europe) S.à r.l.;ACTIONS EUROPE GDES CAP. MIXTE;4;1,00%;0,60%;1,60%
LU0053696224;JPMorgan Funds - Japan Equity Fund A (dist) - USD;JPMorgan Asset Management (Europe) S.à r.l.;ACTIONS JAPON;5;1,50%;0,60%;2,10%
LU0054237671;Fidelity Funds - Asian Special Situations Fund A-DIST-USD;Fidelity (FIL Inv Mgmt (Lux) S.A.);ACTIONS ASIE-PACIFIQUE HORS JAPON;4;1,50%;0,60%;2,10%
LU0054578231;BlackRock Global Funds - Systematic Global SmallCap Fund A2;BlackRock (Luxembourg) SA;ACTIONS MONDE PETITES & MOY. CAP.;5;1,50%;0,60%;2,10%
LU0054754816;Fidelity Funds - Switzerland Fund A-DIST-CHF;Fidelity (FIL Inv Mgmt (Lux) S.A.);ACTIONS SUISSE;4;1,50%;0,60%;2,10%
LU0069449576;Fidelity Funds - World Fund A-DIST-EUR;Fidelity (FIL Inv Mgmt (Lux) S.A.);ACTIONS MONDE GDES CAP.;4;1,50%;0,60%;2,10%
LU0069452018;FF - Japan Equity ESG Fund A-Dist-EUR;Fidelity (FIL Inv Mgmt (Lux) S.A.);ACTIONS JAPON;4;1,50%;0,60%;2,10%
LU0069452877;Fidelity Funds - Asia Equity ESG Fund A-DIST-EUR;Fidelity (FIL Inv Mgmt (Lux) S.A.);ACTIONS ASIE-PACIFIQUE HORS JAPON;4;1,50%;0,60%;2,10%
LU0072462186;BlackRock Global Funds - European Value Fund A2;BlackRock (Luxembourg) SA;"ACTIONS EUROPE GDES CAP. ""VALUE""";4;1,50%;0,60%;2,10%
LU0073503921;UBAM - Swiss Equity AC CHF;UBP Asset Management (Europe) S.A.;ACTIONS SUISSE;4;1,00%;0,60%;1,60%
LU0075056555;BlackRock Global Funds - World Mining Fund A2;BlackRock (Luxembourg) SA;ACTIONS SECTEUR MATIERES PREMIERES;5;1,75%;0,60%;2,35%
LU0090689299;Pictet-Biotech P USD;Pictet Asset Management (Europe) SA;ACTIONS SECTEUR SANTE;5;2,40%;0,60%;3,00%
LU0099161993;Carmignac Portfolio Grande Europe A EUR Acc;Carmignac Gestion Luxembourg S.A.;ACTIONS EUROPE GDES CAP. CROISSANCE;4;1,50%;0,60%;2,10%
LU0099574567;Fidelity Funds - Global Technology Fund A-DIST-EUR;Fidelity (FIL Inv Mgmt (Lux) S.A.);ACTIONS SECTEUR TECHNOLOGIES;4;1,50%;0,60%;2,10%
LU0104884860;Pictet-Water P EUR;Pictet Asset Management (Europe) SA;THEMATIQUES WATER;4;2,40%;0,60%;3,00%
LU0106235293;Schroder International Selection Fund EURO Equity A Accumulation EUR;Schroder Investment Management (Europe) S.A.;ACTIONS EUROPE ZONE EURO;4;1,50%;0,60%;2,10%
LU0106252389;Schroder International Selection Fund Emerging Markets A Accumulation USD;Schroder Investment Management (Europe) S.A.;ACTIONS MARCHÉS EMERGENTS;4;1,50%;0,60%;2,10%
LU0107398538;JPMorgan Funds - Europe Strategic Growth Fund A (dist) - EUR;JPMorgan Asset Management (Europe) S.à r.l.;ACTIONS EUROPE GDES CAP. CROISSANCE;4;1,50%;0,60%;2,10%
LU0109392836;Franklin Technology Fund A (Acc) USD;Franklin Templeton International Services S.à r.l.;ACTIONS SECTEUR TECHNOLOGIES;6;1,50%;0,60%;2,10%
LU0114720955;Fidelity Funds - Global Healthcare Fund A-DIST-EUR;Fidelity (FIL Inv Mgmt (Lux) S.A.);ACTIONS SECTEUR SANTE;4;1,50%;0,60%;2,10%
LU0114721508;FF - Global Consumer Brands Fund A-DIST-EUR;Fidelity (FIL Inv Mgmt (Lux) S.A.);ACTIONS SECTEUR BIENS DE CONSOMMATION;4;1,50%;0,60%;2,10%
LU0114722498;Fidelity Funds - Global Financial Services Fund A-DIST-EUR;Fidelity (FIL Inv Mgmt (Lux) S.A.);ACTIONS SECTEUR FINANCIER;5;1,50%;0,60%;2,10%
LU0114722902;Fidelity Funds - Global Industrials Fund A-DIST-EUR;Fidelity (FIL Inv Mgmt (Lux) S.A.);ACTIONS SECTEUR BIENS INDUSTRIELS;4;1,50%;0,60%;2,10%
LU0114760746;Templeton Growth (Euro) Fund A(acc)EUR;Franklin Templeton International Services S.à r.l.;ACTIONS MONDE GDES CAP.;4;1,50%;0,60%;2,10%
LU0115769746;Fidelity Funds - World Fund E-Acc-EUR;Fidelity (FIL Inv Mgmt (Lux) S.A.);ACTIONS MONDE GDES CAP.;4;1,50%;0,60%;2,10%
LU0119620416;Morgan Stanley Investment Funds - Global Brands Fund A;MSIM Fund Management (Ireland) Limited;ACTIONS MONDE GDES CAP.;4;1,60%;0,60%;2,20%
LU0130732364;Pictet-Family P EUR;Pictet Asset Management (Europe) SA;ACTIONS MONDE GDES CAP.;4;2,40%;0,60%;3,00%
LU0133414606;DWS Global Value LD;DWS Investment S.A.;ACTIONS MONDE GDES CAP.;4;1,45%;0,60%;2,05%
LU0145648290;DWS Invest Top Asia LC;DWS Investment S.A.;ACTIONS ASIE-PACIFIQUE HORS JAPON;4;1,50%;0,60%;2,10%
LU0149524034;Schroder International Selection Fund Swiss Small & Mid Cap Equity A Accumulation CHF;Schroder Investment Management (Europe) S.A.;ACTIONS SUISSE;4;1,50%;0,60%;2,10%
LU0159052710;JPMorgan Funds - US Technology Fund A (acc) - EUR;JPMorgan Asset Management (Europe) S.à r.l.;ACTIONS SECTEUR TECHNOLOGIES;5;1,50%;0,60%;2,10%
LU0164865239;HSBC Global Investment Funds - Chinese Equity AC;HSBC Investment Funds (Luxembourg) S.A.;ACTIONS CHINE;5;1,50%;0,60%;2,10%
LU0164881194;HSBC Global Investment Funds - Indian Equity AC;HSBC Investment Funds (Luxembourg) S.A.;ACTIONS MARCHÉS EMERGENTS ASIE;5;1,50%;0,60%;2,10%
LU0171285314;BlackRock Global Funds - Global Long-Horizon Equity Fund A2;BlackRock (Luxembourg) SA;ACTIONS MONDE GDES CAP.;4;1,50%;0,60%;2,10%
LU0171289498;BlackRock Global Funds - Latin American Fund A2;BlackRock (Luxembourg) SA;ACTIONS MARCHÉS EMERGENTS MONDE;5;1,75%;0,60%;2,35%
LU0171289902;BlackRock Global Funds - Sustainable Energy Fund A2;BlackRock (Luxembourg) SA;SECTEUR TRANSITION ENERGETIQUE;5;1,65%;0,60%;2,25%
LU0171296865;BlackRock Global Funds - US Flexible Equity Fund A2;BlackRock (Luxembourg) SA;ACTIONS ETATS-UNIS GDES CAP. MIXTE;4;1,50%;0,60%;2,10%
LU0171298648;BlackRock Global Funds - US Mid-Cap Value Fund A2;BlackRock (Luxembourg) SA;ACTIONS ETATS-UNIS MOYENNES CAP.;5;1,50%;0,60%;2,10%
LU0171301533;BlackRock Global Funds - World Energy Fund A2;BlackRock (Luxembourg) SA;ACTIONS SECTEUR ENERGIE;6;1,75%;0,60%;2,35%
LU0171305526;BlackRock Global Funds - World Gold Fund A2;BlackRock (Luxembourg) SA;ACTIONS SECTEUR METAUX PRECIEUX;6;1,75%;0,60%;2,35%
LU0171306680;BlackRock Global Funds - World Gold Fund E2;BlackRock (Luxembourg) SA;ACTIONS SECTEUR METAUX PRECIEUX;6;2,25%;0,60%;2,85%
LU0172157363;BlackRock Global Funds - World Mining Fund E2;BlackRock (Luxembourg) SA;ACTIONS SECTEUR MATIERES PREMIERES;5;2,25%;0,60%;2,85%
LU0185495495;Ofi Invest US Equity R EUR;OFI Invest Lux;ACTIONS ETATS-UNIS FLEX CAP;5;1,90%;0,60%;2,50%
LU0187079347;Robeco Global Consumer Trends D EUR;Robeco Institutional Asset Management BV;ACTIONS SECTEUR BIENS DE CONSOMMATION;5;1,50%;0,60%;2,10%
LU0190161025;Pictet-Biotech HP EUR;Pictet Asset Management (Europe) SA;ACTIONS SECTEUR SANTE;5;2,40%;0,60%;3,00%
LU0196696453;HSBC Global Investment Funds - Brazil Equity AC;HSBC Investment Funds (Luxembourg) S.A.;ACTIONS BRÉSIL;6;1,75%;0,60%;2,35%
LU0197230542;Fidelity Funds - India Focus Fund A-EUR;Fidelity (FIL Inv Mgmt (Lux) S.A.);ACTIONS MARCHÉS EMERGENTS ASIE;5;1,50%;0,60%;2,10%
LU0210526801;JPMorgan Funds - Greater China Fund A (acc) - USD;JPMorgan Asset Management (Europe) S.à r.l.;ACTIONS CHINE;5;1,50%;0,60%;2,10%
LU0210530662;JPMorgan Funds - Europe Dynamic Fund A (acc) - EUR;JPMorgan Asset Management (Europe) S.à r.l.;ACTIONS EUROPE GDES CAP. MIXTE;4;1,50%;0,60%;2,10%
LU0212178916;BNP Paribas Funds Europe Small Cap Classic Capitalisation;BNP Paribas Asset Management Luxembourg;ACTIONS EUROPE MOYENNES CAP.;4;1,75%;0,60%;2,35%
LU0216734045;AXA World Funds - Europe Real Estate A Capitalisation EUR;AXA Investment Managers Paris S.A.;IMMOBILIER - INDIRECT EUROPE;5;1,50%;0,60%;2,10%
LU0217139020;Pictet-Premium Brands P EUR;Pictet Asset Management (Europe) SA;ACTIONS SECTEUR BIENS DE CONSOMMATION;5;2,40%;0,60%;3,00%
LU0217576759;JPMorgan Funds - Emerging Markets Equity Fund A (acc) - EUR;JPMorgan Asset Management (Europe) S.à r.l.;ACTIONS MARCHÉS EMERGENTS;4;1,50%;0,60%;2,10%
LU0224105477;BlackRock Global Funds - Continental European Flexible Fund Class A2;BlackRock (Luxembourg) SA;ACTIONS EUROPE HORS UK GDES CAP.;5;1,50%;0,60%;2,10%
LU0229940001;Templeton Asian Growth Fund A(acc)EUR;Franklin Templeton International Services S.à r.l.;ACTIONS ASIE-PACIFIQUE HORS JAPON;4;1,85%;0,60%;2,45%
LU0238202427;Fidelity Funds - Sustainable Eurozone Equity Fund A-Acc- EUR;Fidelity (FIL Inv Mgmt (Lux) S.A.);ACTIONS EUROPE ZONE EURO;4;1,50%;0,60%;2,10%
LU0244270301;JPM US Value A (acc) - EUR (hedged);JPMorgan Asset Management (Europe) S.à r.l.;"ACTIONS ETATS-UNIS GDES CAP. ""VALUE""";4;1,50%;0,60%;2,10%
LU0248172537;Schroder International Selection Fund Emerging Asia A Accumulation EUR;Schroder Investment Management (Europe) S.A.;ACTIONS MARCHÉS EMERGENTS ASIE;4;1,50%;0,60%;2,10%
LU0248178732;Schroder International Selection Fund US Small & Mid-Cap Equity A Accumulation EUR;Schroder Investment Management (Europe) S.A.;ACTIONS ETATS-UNIS MOYENNES CAP.;5;1,50%;0,60%;2,10%
LU0251127410;Fidelity Funds - America Fund A-Acc-EUR;Fidelity (FIL Inv Mgmt (Lux) S.A.);"ACTIONS ETATS-UNIS GDES CAP. ""VALUE""";4;1,50%;0,60%;2,10%
LU0252633754;Amundi DAX III UCITS ETF Acc;Amundi Luxembourg S.A.;ACTIONS EUROPE HORS UK GDES CAP.;5;0,15%;0,60%;0,75%
LU0255975830;Pictet-Japanese Equity Selection P EUR;Pictet Asset Management (Europe) SA;ACTIONS JAPON;4;1,80%;0,60%;2,40%
LU0255976994;Pictet-Asian Equities Ex Japan P EUR;Pictet Asset Management (Europe) SA;ACTIONS ASIE-PACIFIQUE HORS JAPON;5;2,40%;0,60%;3,00%
LU0255977455;Pictet - Biotech P EUR;Pictet Asset Management (Europe) SA;ACTIONS SECTEUR SANTE;5;2,40%;0,60%;3,00%
LU0255978776;Pictet-Health P EUR;Pictet Asset Management (Europe) SA;ACTIONS SECTEUR SANTE;4;2,40%;0,60%;3,00%
LU0255979071;Pictet-Indian Equities P EUR;Pictet Asset Management (Europe) SA;ACTIONS MARCHÉS EMERGENTS ASIE;5;2,40%;0,60%;3,00%
LU0255979402;Pictet-Japanese Equity Opportunities P EUR;Pictet Asset Management (Europe) SA;ACTIONS JAPON;4;1,80%;0,60%;2,40%
LU0256840447;Allianz Global Investors Fund - Allianz Euroland Equity Growth AT EUR;Allianz Global Investors GmbH;ACTIONS EUROPE ZONE EURO;5;1,80%;0,60%;2,40%
LU0260869739;Franklin U.S. Opportunities Fund A(acc)EUR;Franklin Templeton International Services S.à r.l.;ACTIONS ETATS-UNIS FLEX CAP;5;1,50%;0,60%;2,10%
LU0261946445;Fidelity Funds - Asia Equity ESG Fund A-Acc-EUR;Fidelity (FIL Inv Mgmt (Lux) S.A.);ACTIONS ASIE-PACIFIQUE HORS JAPON;4;1,50%;0,60%;2,10%
LU0261948227;Fidelity Funds - Germany Fund A-Acc-EUR;Fidelity (FIL Inv Mgmt (Lux) S.A.);ACTIONS EUROPE HORS UK GDES CAP.;4;1,50%;0,60%;2,10%
LU0261951957;FF - Global Dividend Plus Fund A-Acc-EUR;Fidelity (FIL Inv Mgmt (Lux) S.A.);ACTIONS SECTEUR DIVIDENDES;3;1,50%;0,60%;2,10%
LU0266012235;AXA World Funds - Global Real Estate A Capitalisation EUR;AXA Investment Managers Paris S.A.;IMMOBILIER - INDIRECT MONDE;4;2,00%;0,60%;2,60%
LU0270905242;Pictet-Security R EUR;Pictet Asset Management (Europe) SA;ACTIONS THEMATIQUES;5;2,90%;0,60%;3,50%
LU0273158872;DWS Invest Global Agribusiness LC;DWS Investment S.A.;ACTIONS SECTEUR MATIERES PREMIERES;4;1,50%;0,60%;2,10%
LU0275692696;Fidelity Funds - American Growth Fund A-Acc-EUR;Fidelity (FIL Inv Mgmt (Lux) S.A.);ACTIONS ETATS-UNIS FLEX CAP;4;1,50%;0,60%;2,10%
LU0280435388;Pictet - Clean Energy Transition P EUR;Pictet Asset Management (Europe) SA;SECTEUR TRANSITION ENERGETIQUE;5;2,40%;0,60%;3,00%
LU0281483569;JPMorgan Funds - US Select Equity Plus Fund A (acc) - EUR;JPMorgan Asset Management (Europe) S.à r.l.;ACTIONS ETATS-UNIS GDES CAP. MIXTE;4;1,50%;0,60%;2,10%
LU0281484880;JPMorgan Funds - US Select Equity Plus Fund D (acc) - USD;JPMorgan Asset Management (Europe) S.à r.l.;ACTIONS ETATS-UNIS GDES CAP. MIXTE;5;1,50%;0,60%;2,10%
LU0284396016;DNCA Invest Value Europe Class A shares EUR;DNCA Finance;"ACTIONS EUROPE GDES CAP. ""VALUE""";4;2,00%;0,60%;2,60%
LU0286061501;Ofi Invest ESG Asia Emerging Markets Ex China Fund R;OFI Invest Lux;ACTIONS MARCHÉS EMERGENTS;4;2,20%;0,60%;2,80%
LU0292109005;Xtrackers MSCI EM Europe, Middle East & Africa ESG Swap UCITS ETF 1C;DWS Investment S.A. (ETF);ACTIONS MARCHÉS EMERGENTS EUROPE;5;0,45%;0,60%;1,05%
LU0302446645;Schroder International Selection Fund Global Climate Change Equity A Accumulation EUR;Schroder Investment Management (Europe) S.A.;ACTIONS SECTEUR ENVIRONNEMENT;4;1,50%;0,60%;2,10%
LU0308864023;MainFirst Top European Ideas A;ETHENEA Independent Investors S.A.;ACTIONS EUROPE FLEX CAP;5;2,00%;0,60%;2,60%
LU0318933057;JPMorgan Funds - Emerging Markets Small Cap Fund A (acc) (perf) - EUR;JPMorgan Asset Management (Europe) S.à r.l.;ACTIONS MARCHÉS EMERGENTS PETITES & MOY. CAP.;4;1,50%;0,60%;2,10%
LU0323591833;Schroder International Selection Fund QEP Global Quality A Accumulation EUR;Schroder Investment Management (Europe) S.A.;ACTIONS MONDE GDES CAP.;4;1,25%;0,60%;1,85%
LU0327689542;AXA World Funds - Emerging Markets Responsible Equity QI A Capitalisation EUR;AXA Investment Managers Paris S.A.;ACTIONS MARCHÉS EMERGENTS;4;0,60%;0,60%;1,20%
LU0329678410;Fidelity Funds - Emerging Asia Fund A-Acc-EUR;Fidelity (FIL Inv Mgmt (Lux) S.A.);ACTIONS MARCHÉS EMERGENTS ASIE;4;1,50%;0,60%;2,10%
LU0336083810;Carmignac Portfolio Asia Discovery A EUR Acc;Carmignac Gestion Luxembourg S.A.;ACTIONS MARCHÉS EMERGENTS PETITES & MOY. CAP.;4;2,00%;0,60%;2,60%
LU0340554913;Pictet-Digital P EUR;Pictet Asset Management (Europe) SA;ACTIONS SECTEUR TECHNOLOGIES;5;2,40%;0,60%;3,00%
LU0340559557;Pictet-Timber P EUR;Pictet Asset Management (Europe) SA;ACTIONS SECTEUR MATIERES PREMIERES;5;2,40%;0,60%;3,00%
LU0347711466;BNP Paribas Funds - Global Environment Classic Capitalisation;BNP Paribas Asset Management Luxembourg;ACTIONS SECTEUR ENVIRONNEMENT;4;1,75%;0,60%;2,35%
LU0366534344;Pictet - Nutrition P EUR;Pictet Asset Management (Europe) SA;ACTIONS SECTEUR MATIERES PREMIERES;4;2,40%;0,60%;3,00%
LU0390135415;Templeton Asian Smaller Companies Fund A(acc)EUR;Franklin Templeton International Services S.à r.l.;ACTIONS ASIE-PACIFIQUE HORS JAPON;4;1,85%;0,60%;2,45%
LU0390221256;MainFirst Germany Fund A;ETHENEA Independent Investors S.A.;ACTIONS EUROPE HORS UK GDES CAP.;4;1,80%;0,60%;2,40%
LU0391944815;Pictet-Global Megatrend Selection R EUR;Pictet Asset Management (Europe) SA;ACTIONS THEMATIQUES;4;2,90%;0,60%;3,50%
LU0441852612;JPMorgan Funds - ASEAN Equity Fund A (acc) - EUR;JPMorgan Asset Management (Europe) S.à r.l.;ACTIONS ASIE-PACIFIQUE HORS JAPON;4;1,50%;0,60%;2,10%
LU0445386369;Nordea 1 - Alpha 10 MA Fund BP EUR;Nordea Investment Funds SA;PERFORMANCE ABSOLUE INTERNATIONALE;4;1,70%;0,60%;2,30%
LU0489687243;Mandarine Funds - Mandarine Unique Small & Mid Caps Europe R;Mandarine Gestion;ACTIONS EUROPE MOYENNES CAP.;4;1,95%;0,60%;2,55%
LU0496786574;Amundi S&P 500 UCITS ETF - D-EUR;Amundi Luxembourg S.A.;ACTIONS ETATS-UNIS GDES CAP. MIXTE;5;0,09%;0,60%;0,69%
LU0496786905;Amundi Australia (S&P/ASX 200) UCITS ETF - D-EUR;Amundi Luxembourg S.A.;ACTIONS AUSTRALIE & NOUVELLE-ZÉLANDE;5;0,40%;0,60%;1,00%
LU0503631714;Pictet - Global Environmental Opportunities P EUR;Pictet Asset Management (Europe) SA;ACTIONS SECTEUR ENVIRONNEMENT;4;2,40%;0,60%;3,00%
LU0503932328;Janus Henderson Horizon Pan European Mid and Large Cap Fund A2 EUR;Janus Henderson Investors;ACTIONS EUROPE GDES CAP. MIXTE;4;1,20%;0,60%;1,80%
LU0533032859;Amundi MSCI World Financials UCITS ETF EUR Acc;Amundi Luxembourg S.A.;ACTIONS SECTEUR FINANCIER;5;0,30%;0,60%;0,90%
LU0533033238;Amundi MSCI World Health Care UCITS ETF EUR Acc;Amundi Luxembourg S.A.;ACTIONS SECTEUR SANTE;4;0,30%;0,60%;0,90%
LU0533033667;Amundi MSCI World Information Technology UCITS ETF EUR Acc;Amundi Luxembourg S.A.;ACTIONS SECTEUR TECHNOLOGIES;5;0,30%;0,60%;0,90%
LU0568583933;Amundi Funds - Equity Japan Target A EUR Hgd (C);Amundi Luxembourg S.A.;ACTIONS JAPON;4;1,80%;0,60%;2,40%
LU0659579733;Xtrackers - Xtrackers MSCI World Swap UCITS ETF 4C - EUR Hedged;DWS Investment S.A. (ETF);ACTIONS MONDE GDES CAP.;4;0,24%;0,60%;0,84%
LU0675297237;Groupama Avenir Europe NC;Groupama Asset Management;ACTIONS EUROPE MOYENNES CAP.;5;1,80%;0,60%;2,40%
LU0823410724;BNP Paribas Funds US Small Cap Classic EURC;BNP Paribas Asset Management Luxembourg;ACTIONS ETATS-UNIS PETITES CAP.;5;1,75%;0,60%;2,35%
LU0823411706;BNP Paribas Funds Consumer InnovatorsClassic Capitalisation;BNP Paribas Asset Management Luxembourg;ACTIONS SECTEUR BIENS DE CONSOMMATION;5;1,50%;0,60%;2,10%
LU0823413074;BNP Paribas Funds Emerging Equity Classic EUR Capitalisation;BNP Paribas Asset Management Luxembourg;ACTIONS MARCHÉS EMERGENTS;4;1,75%;0,60%;2,35%
LU0823425839;BNP Paribas Funds China Equity Classic EUR Capitalisation;BNP Paribas Asset Management Luxembourg;ACTIONS CHINE;5;1,75%;0,60%;2,35%
LU0826452848;DWS Invest II Global Equity High Conviction Fund LC;DWS Investment S.A.;ACTIONS MONDE GDES CAP.;4;1,50%;0,60%;2,10%
LU0832436512;Amundi Global Equity Quality Income UCITS ETF Dist;Amundi Luxembourg S.A.;ACTIONS SECTEUR DIVIDENDES;4;0,45%;0,60%;1,05%
LU0840617350;Allianz Global Investors Fund - Allianz German Equity AT EUR;Allianz Global Investors GmbH;ACTIONS EUROPE HORS UK GDES CAP.;4;1,80%;0,60%;2,40%
LU0870553459;DNCA Invest SRI Europe Growth Class B shares EUR;DNCA Finance;ACTIONS EUROPE FLEX CAP;4;2,40%;0,60%;3,00%
LU0880062913;JPMorgan Funds - Global Healthcare Fund A (acc) - EUR;JPMorgan Asset Management (Europe) S.à r.l.;ACTIONS SECTEUR SANTE;4;1,50%;0,60%;2,10%
LU0914729966;Mirova Funds - Mirova Global Sustainable Equity Fund R/A (EUR);Natixis Investment Managers International;ACTIONS MONDE GDES CAP.;4;1,60%;0,60%;2,20%
LU0914733059;Mirova Funds - Mirova Europe Environmental Equity Fund R/A (EUR);Natixis Investment Managers International;ACTIONS SECTEUR ENVIRONNEMENT;4;1,60%;0,60%;2,20%
LU0950372838;BNP Paribas Funds Nordic Small Cap Classic Capitalisation;BNP Paribas Asset Management Luxembourg;ACTIONS EUROPE DU NORD PETITES & MOY. CAP.;5;1,75%;0,60%;2,35%
LU0959211243;Amundi S&P 500 II UCITS ETF EUR Hedged Dist;Amundi Luxembourg S.A.;ACTIONS ETATS-UNIS GDES CAP. MIXTE;5;0,09%;0,60%;0,69%
LU1048684796;Fidelity Funds - Emerging Markets Fund A-Acc-EUR;Fidelity (FIL Inv Mgmt (Lux) S.A.);ACTIONS MARCHÉS EMERGENTS;4;1,50%;0,60%;2,10%
LU1100076808;Clartan Europe C;Clartan Associés;ACTIONS EUROPE GDES CAP. MIXTE;4;1,80%;0,60%;2,40%
LU1103303167;Edmond de Rothschild Fund - US Value A EUR;Edmond de Rothschild Asset Management (Lux);ACTIONS ETATS-UNIS FLEX CAP;5;1,70%;0,60%;2,30%
LU1112178824;SSGA Luxembourg SICAV - State Street Europe Small Cap Screened Equity Fund P EUR Acc;State Street Global Advisors Europe Limited;ACTIONS EUROPE HORS UK PETITES & MOY. CAP.;4;1,50%;0,60%;2,10%
LU1160356009;Edmond de Rothschild Fund - Healthcare A EUR;Edmond de Rothschild Asset Management (Lux);ACTIONS SECTEUR SANTE;4;1,70%;0,60%;2,30%
LU1183791794;Sycomore Fund SICAV - Sycomore Europe Eco Solutions R EUR;Sycomore Asset Management;ACTIONS SECTEUR ENVIRONNEMENT;4;2,00%;0,60%;2,60%
LU1220932716;Madeleine Europa One R;Cholet Dupont Asset Management;ACTIONS EUROPE GDES CAP. MIXTE;4;1,80%;0,60%;2,40%
LU1244893696;Edmond de Rothschild Fund - Big Data A-EUR accumulating;Edmond de Rothschild Asset Management (Lux);ACTIONS SECTEUR TECHNOLOGIES;4;1,60%;0,60%;2,20%
LU1261432659;Fidelity Funds - World Fund A-Acc-EUR;Fidelity (FIL Inv Mgmt (Lux) S.A.);ACTIONS MONDE GDES CAP.;4;1,50%;0,60%;2,10%
LU1279334210;Pictet - Robotics P EUR;Pictet Asset Management (Europe) SA;ACTIONS SECTEUR TECHNOLOGIES;5;2,40%;0,60%;3,00%
LU1287023003;Amundi Euro Government Bond 5-7Y UCITS ETF Acc;Amundi Luxembourg S.A.;OBLIGATIONS D'ETAT EUR;3;0,17%;0,60%;0,77%
LU1287023185;Amundi Euro Government Bond 7-10Y UCITS ETF Acc;Amundi Luxembourg S.A.;OBLIGATIONS D'ETAT EUR;3;0,17%;0,60%;0,77%
LU1287023268;Amundi Euro Government Bond 15+Y UCITS ETF Acc;Amundi Luxembourg S.A.;OBLIGATIONS D'ETAT EUR;4;0,17%;0,60%;0,77%
LU1291097779;BNP Paribas Easy MSCI Emerging Min TE UCITS ETF EUR Cap;BNP Paribas Asset Management Luxembourg;ACTIONS MARCHÉS EMERGENTS MONDE;4;0,13%;0,60%;0,73%
LU1291099478;BNP Paribas Easy MSCI Europe Min TE Track Privilege Cap;BNP Paribas Asset Management Luxembourg;ACTIONS EUROPE GDES CAP. MIXTE;4;0,03%;0,60%;0,63%
LU1301026388;Sycomore Fund SICAV - Sycomore Europe Happy@Work RC EUR;Sycomore Asset Management;ACTIONS EUROPE ZONE EURO;4;2,00%;0,60%;2,60%
LU1303940784;Mandarine Funds - Mandarine Europe Microcap R;Mandarine Gestion;ACTIONS EUROPE HORS UK PETITES & MOY. CAP.;4;1,95%;0,60%;2,55%
LU1313771856;Candriam Sustainable Equity Europe C Acc EUR;Candriam;ACTIONS EUROPE GDES CAP. MIXTE;4;1,50%;0,80%;2,30%
LU1329694266;Mandarine Funds - Mandarine Global Microcap R;Mandarine Gestion;ACTIONS MONDE PETITES & MOY. CAP.;4;1,95%;0,60%;2,55%
LU1366712518;DNCA Invest Archer Mid-Cap Europe Class B shares EUR;DNCA Finance;ACTIONS EUROPE MOYENNES CAP.;4;2,00%;0,60%;2,60%
LU1377382368;BNP Paribas Easy Low Carbon 100 Europe PAB® UCITS ETF;BNP Paribas Asset Management Luxembourg;ACTIONS EUROPE GDES CAP. MIXTE;4;0,18%;0,60%;0,78%
LU1379104976;Claresco Foncier Valor P;Claresco Finance;IMMOBILIER - INDIRECT EUROPE;5;2,40%;0,60%;3,00%
LU1407890620;Amundi US Treasury Bond Long Dated UCITS ETF Dist;Amundi Luxembourg S.A.;OBLIGATIONS USA;4;0,07%;0,60%;0,67%
LU1434523954;Candriam Sustainable Equity Emerging Markets C EUR Acc;Candriam;ACTIONS MARCHÉS EMERGENTS;4;1,60%;0,60%;2,20%
LU1435356149;Amundi Index Solution - Amundi USD High Yield Corporate Bond ESG UCITS ETF Dist;Amundi Luxembourg S.A.;OBLIGATIONS USA HAUT RENDEMENT;3;0,25%;0,60%;0,85%
LU1435385163;Natixis International Funds (Lux) I - Loomis Sayles U.S. Growth Equity Fund R/A (EUR);Natixis Investment Managers International;ACTIONS ETATS-UNIS GDES CAP. CROISSANCE;5;1,75%;0,60%;2,35%
LU1435385593;Natixis International Funds (Lux) I - Loomis Sayles U.S. Growth Equity Fund R/A (H-EUR);Natixis Investment Managers International;ACTIONS ETATS-UNIS GDES CAP. CROISSANCE;5;1,75%;0,60%;2,35%
LU1530899142;CPR Invest - Global Disruptive Opportunities Class A EUR Acc;CPR Asset Management;ACTIONS THEMATIQUES;5;2,00%;0,60%;2,60%
LU1536921650;AXA World Funds - Robotech A Capitalisation EUR;AXA Investment Managers Paris S.A.;ACTIONS SECTEUR TECHNOLOGIES;5;1,50%;0,60%;2,10%
LU1548497772;Allianz Global Investors Fund - Allianz Global Artificial Intelligence AT (H2-EUR);Allianz Global Investors GmbH;ACTIONS SECTEUR TECHNOLOGIES;6;2,05%;0,60%;2,65%
LU1598689153;Amundi MSCI EMU Small Cap ESG Broad Transition UCITS ETF DIST;Amundi Luxembourg S.A.;ACTIONS ZONE EURO PETITES CAP.;4;0,30%;0,60%;0,90%
LU1598690169;Amundi MSCI EMU Value Factor ETF Distribution;Amundi Luxembourg S.A.;ACTIONS EUROPE ZONE EURO;5;0,30%;0,60%;0,90%
LU1611031870;Groupama Avenir PME Europe NC;Groupama Asset Management;ACTIONS ZONE EURO PETITES CAP.;5;2,50%;0,60%;3,10%
LU1616921158;Eleva Euroland Selection A2 (EUR) acc;Eleva Capital S.A.S.;ACTIONS EUROPE ZONE EURO;4;2,00%;0,60%;2,60%
LU1648467097;SSGA Luxembourg SICAV - State Street Emerging Markets Screened Enhanced Equity Fund P EUR;State Street Global Advisors Europe Limited;ACTIONS MARCHÉS EMERGENTS;4;0,95%;0,60%;1,55%
LU1650487413;Amundi Euro Government Bond 1-3Y UCITS ETF Acc;Amundi Luxembourg S.A.;OBLIGATIONS D'ETAT EUR COURT TERME;2;0,17%;0,60%;0,77%
LU1650488494;Amundi Euro Government Bond 3-5Y UCITS ETF Acc;Amundi Luxembourg S.A.;OBLIGATIONS D'ETAT EUR;2;0,17%;0,60%;0,77%
LU1650491282;Amundi Euro Government Inflation-Linked Bond UCITS ETF Acc;Amundi Luxembourg S.A.;OBLIGATIONS EURO INFLATION;3;0,09%;0,60%;0,69%
LU1650492173;Amundi FTSE 100 UCITS ETF Acc;Amundi Luxembourg S.A.;ACTIONS ROYAUME-UNI;4;0,14%;0,60%;0,74%
LU1665237704;M&G (Lux) Global Listed Infrastructure Fund EUR A Acc;M&G Luxembourg S.A.;SECTEUR INFRASTRUCTURES;4;1,75%;0,60%;2,35%
LU1670710075;M&G (Lux) Global Dividend Fund EUR A Acc;M&G Luxembourg S.A.;ACTIONS SECTEUR DIVIDENDES;4;1,75%;0,60%;2,35%
LU1670715207;M&G (Lux) Global Sustain Paris Aligned Fund EUR A Acc;M&G Luxembourg S.A.;ACTIONS MONDE GDES CAP.;4;1,75%;0,60%;2,35%
LU1670715975;M&G (Lux) Japan Smaller Companies Fund EUR A Acc;M&G Luxembourg S.A.;ACTIONS JAPON;4;1,50%;0,60%;2,10%
LU1681037864;Amundi Index Solutions - Amundi Japan Topix UCITS ETF-C EUR Hedged;Amundi Luxembourg S.A.;ACTIONS JAPON;4;0,38%;0,60%;0,98%
LU1681038599;Amundi Index Solutions - Amundi Nasdaq-100 ETF-C EUR Hedged;Amundi Luxembourg S.A.;ACTIONS ETATS-UNIS GDES CAP. CROISSANCE;5;0,25%;0,60%;0,85%
LU1681038672;Amundi Index Solutions - Amundi Russell 2000 ETF-C EUR;Amundi Luxembourg S.A.;ACTIONS ETATS-UNIS PETITES CAP.;5;0,25%;0,60%;0,85%
LU1681042518;Amundi Index Solutions - Amundi MSCI Europe Value Factor UCITS ETF-C;Amundi Luxembourg S.A.;"ACTIONS EUROPE GDES CAP. ""VALUE""";4;0,13%;0,60%;0,73%
LU1681042864;Amundi PEA MSCI USA ESG Selection UCITS ETF - EUR;Amundi Luxembourg S.A.;ACTIONS ETATS-UNIS GDES CAP. MIXTE;5;0,18%;0,60%;0,78%
LU1681044647;Amundi Index Solutions - Amundi MSCI Nordic UCITS ETF- C;Amundi Luxembourg S.A.;ACTIONS EUROPE DU NORD;4;0,15%;0,60%;0,75%
LU1681044720;Amundi Index Solutions - Amundi MSCI Switzerland UCITS ETF-C EUR;Amundi Luxembourg S.A.;ACTIONS SUISSE;4;0,15%;0,60%;0,75%
LU1681045370;Amundi Index Solutions - Amundi MSCI Emerging Markets UCITS ETF-C EUR;Amundi Luxembourg S.A.;ACTIONS MARCHÉS EMERGENTS;4;0,10%;0,60%;0,70%
LU1681046691;Amundi Index Solutions - Amundi Govt Bond Highest Rated Euro Investment Grade Ucits ETF EUR C;Amundi Luxembourg S.A.;OBLIGATIONS D'ETAT EUR;3;0,07%;0,60%;0,67%
LU1681046931;Amundi Index Solutions - AMUNDI CAC 40 ESG UCITS ETF;Amundi Luxembourg S.A.;ACTIONS FRANCE;5;0,15%;0,60%;0,75%
LU1684369710;AXA World Funds - Digital Economy A Capitalisation EUR (Hedged);AXA Investment Managers Paris S.A.;ACTIONS SECTEUR TECHNOLOGIES;5;1,50%;0,60%;2,10%
LU1686832194;Amundi Euro Government Bond 25+Y UCITS ETF Acc;Amundi Luxembourg S.A.;OBLIGATIONS D'ETAT EUR;4;0,03%;0,60%;0,63%
LU1691909508;Amundi Global Gender Equality ETF Accumulation;Amundi Luxembourg S.A.;ACTIONS MONDE GDES CAP.;4;0,10%;0,60%;0,70%
LU1753045332;BNP Paribas Easy MSCI Europe SRI PAB UCITS ETF Capitalisation;BNP Paribas Asset Management Luxembourg;ACTIONS EUROPE GDES CAP. MIXTE;4;0,13%;0,60%;0,73%
LU1809976522;LO Funds - World Brands Fund (EUR) P A;Lombard Odier Funds (Europe) SA;ACTIONS SECTEUR BIENS DE CONSOMMATION;4;0,96%;0,60%;1,56%
LU1812090543;Amundi Index Solution - Amundi EUR High Yield Corporate Bond ESG UCITS ETF Dist;Amundi Luxembourg S.A.;OBLIGATIONS EURO HAUT RENDEMENT;3;0,15%;0,60%;0,75%
LU1812091194;Amundi Index Solutions - Amundi FTSE EPRA Europe Real Estate UCITS ETF D;Amundi Luxembourg S.A.;IMMOBILIER - INDIRECT EUROPE;5;0,20%;0,60%;0,80%
LU1812092168;Amundi Stoxx Europe Select Dividend 30 UCITS ETF D;Amundi Luxembourg S.A.;ACTIONS SECTEUR DIVIDENDES;5;0,20%;0,60%;0,80%
LU1819480192;Echiquier Artificial Intelligence B EUR;La Financière de l'Echiquier;ACTIONS SECTEUR TECHNOLOGIES;6;1,65%;0,60%;2,25%
LU1829218749;Amundi Bloomberg Equal-weight Commodity ex-Agriculture UCITS ETF Acc;Amundi Luxembourg S.A.;DIVERSIFIES;4;0,35%;0,60%;0,95%
LU1829218822;Amundi EUR Corporate Bond ex-Financials ESG UCITS ETF Acc;Amundi Luxembourg S.A.;OBLIGATIONS D'ENTREPRISE EUR;2;0,20%;0,60%;0,80%
LU1829219127;Amundi EUR Corporate Bond Climate Paris Aligned UCITS ETF Acc;Amundi Luxembourg S.A.;OBLIGATIONS D'ENTREPRISE EUR;2;0,14%;0,60%;0,74%
LU1829219390;Amundi Euro Stoxx Banks UCITS ETF Acc;Amundi Luxembourg S.A.;ACTIONS SECTEUR FINANCIER;6;0,30%;0,60%;0,90%
LU1829221024;Amundi Nasdaq-100 II UCITS ETF Acc;Amundi Luxembourg S.A.;ACTIONS ETATS-UNIS GDES CAP. CROISSANCE;5;0,22%;0,60%;0,82%
LU1832174962;Indépendance AM Europe Small A (C);Indépendance AM;ACTIONS EUROPE HORS UK PETITES & MOY. CAP.;4;1,95%;0,60%;2,55%
LU1832418773;Amundi FTSE EPRA/NAREIT Global Developed UCITS ETF D;Amundi Luxembourg S.A.;IMMOBILIER - INDIRECT MONDE;5;0,35%;0,60%;0,95%
LU1834983477;Multi Units Luxembourg - Amundi STOXX Europe 600 Banks UCITS ETF Acc;Amundi Luxembourg S.A.;ACTIONS SECTEUR FINANCIER;5;0,20%;0,60%;0,80%
LU1834986900;Multi Units Luxembourg - Amundi STOXX Europe 600 Healthcare UCITS ETF Acc;Amundi Luxembourg S.A.;ACTIONS SECTEUR SANTE;4;0,20%;0,60%;0,80%
LU1834988278;Multi Units Luxembourg - Amundi STOXX Europe 600 Energy ESG Screened UCITS ETF Acc;Amundi Luxembourg S.A.;ACTIONS SECTEUR ENERGIE;5;0,20%;0,60%;0,80%
LU1861138961;Amundi MSCI Emerging Markets SRI Climate Paris Aligned - UCITS ETF DR (C);Amundi Luxembourg S.A.;ACTIONS MARCHÉS EMERGENTS MONDE;4;0,15%;0,60%;0,75%
LU1864481624;Candriam Equities L Oncology Fund Class CH EUR Cap;Candriam;ACTIONS SECTEUR SANTE;4;1,60%;0,60%;2,20%
LU1865149808;Allianz Global Investors Fund - Allianz Climate Transition Europe AT EUR;Allianz Global Investors GmbH;ACTIONS SECTEUR ENVIRONNEMENT;4;2,35%;0,60%;2,95%
LU1876459303;Axiom European Banks Equity RC EUR(v);Axiom Alternative Investments;ACTIONS SECTEUR BANCAIRE;6;1,65%;0,80%;2,45%
LU1900068328;Amundi MSCI AC Asia Pacific Ex Japan UCITS ETF Acc;Amundi Luxembourg S.A.;ACTIONS ASIE-PACIFIQUE HORS JAPON;4;0,60%;0,60%;1,20%
LU1900068914;Amundi MSCI China ESG Selection Extra UCITS ETF Acc;Amundi Luxembourg S.A.;ACTIONS CHINE;5;0,65%;0,60%;1,25%
LU1919842267;ODDO BHF Artificial Intelligence CR-EUR;ODDO BHF Asset Management SAS;THEMATIQUES INTELLIGENCE ARTIFICIELLE;5;1,60%;0,60%;2,20%
LU1920211973;Eleva Absolute Return Europe A2 (EUR) acc;Eleva Capital S.A.S.;PERFORMANCE ABSOLUE EUR;2;2,20%;0,60%;2,80%
LU1920214563;Eleva Leaders Small & Mid-Cap Europe A2 (EUR) acc;Eleva Capital S.A.S.;ACTIONS EUROPE MOYENNES CAP.;4;2,20%;0,60%;2,80%
LU1951200481;Natixis International Funds (Lux) I - Thematics AI and Robotics Fund R/A (EUR);Natixis Investment Managers International;ACTIONS SECTEUR TECHNOLOGIES;5;2,00%;0,60%;2,60%
LU1951204046;Natixis International Funds (Lux) I - Thematics Meta Fund R/A (EUR);Natixis Investment Managers International;ACTIONS THEMATIQUES;4;2,00%;0,60%;2,60%
LU1951225553;Natixis International Funds (Lux) I - Thematics Safety Fund R/A (EUR);Natixis Investment Managers International;ACTIONS ETATS-UNIS FLEX CAP;5;2,00%;0,60%;2,60%
LU2004923152;Synchrony (LU) Swiss All Caps (CHF) A EUR;Banque Cantonale de Genève;ACTIONS SUISSE;4;1,50%;0,60%;2,10%
LU2023678282;Amundi MSCI Disruptive Technology UCITS ETF Acc;Amundi Luxembourg S.A.;THEMATIQUES TECHNOLOGIE;5;0,35%;0,60%;0,95%
LU2023678449;Amundi MSCI Millennials UCITS ETF Acc;Amundi Luxembourg S.A.;ACTIONS THEMATIQUES;5;0,35%;0,60%;0,95%
LU2052475568;Mandarine Funds - Mandarine Social Leaders R;Mandarine Gestion;ACTIONS EUROPE GDES CAP. MIXTE;4;2,20%;0,60%;2,80%
LU2066958898;CS Investment Funds 2 - UBS (Lux) Germany Small and Mid Cap Equity Fund P acc;UBS Asset Management (Europe) S.A.;ACTIONS EUROPE HORS UK PETITES & MOY. CAP.;5;1,92%;0,60%;2,52%
LU2095319849;Natixis International Funds (Lux) I - Thematics Subscription Economy Fund R/A (EUR);Natixis Investment Managers International;ACTIONS THEMATIQUES;5;2,00%;0,60%;2,60%
LU2194447293;BNP PARIBAS EASY - ECPI Global ESG Blue Economy UCITS ETF Cap;BNP Paribas Asset Management Luxembourg;ACTIONS THEMATIQUES;4;0,18%;0,60%;0,78%
LU2195226068;Amundi S&P Eurozone Climate Paris Aligned UCITS ETF Acc;Amundi Luxembourg S.A.;ACTIONS EUROPE ZONE EURO;5;0,20%;0,60%;0,80%
LU2221884310;Edmond de Rothschild Fund - Human Capital A EUR;Edmond de Rothschild Asset Management (Lux);ACTIONS MONDE GDES CAP.;4;1,50%;0,60%;2,10%
LU2233156749;Amundi Index Solutions - Amundi MSCI Japan SRI Climate Paris Aligned - UCITS ETF DR (C);Amundi Luxembourg S.A.;ACTIONS JAPON;4;0,08%;0,60%;0,68%
LU2254337392;DNCA Invest Beyond Climate A;DNCA Finance;THEMATIQUES CLIMAT;4;1,80%;0,60%;2,40%
LU2257980289;Mandarine Global Transition R;Mandarine Gestion;ACTIONS SECTEUR ENVIRONNEMENT;4;1,95%;0,60%;2,55%
LU2269164310;Amundi Index Solutions - Amundi MSCI Japan SRI Climate Paris Aligned - UCITS ETF DR - HEDGED EUR (C);Amundi Luxembourg S.A.;ACTIONS JAPON;4;0,08%;0,60%;0,68%
LU2308174304;Morgan Stanley Investment Funds - Global Opportunity Fund A (EUR);MSIM Fund Management (Ireland) Limited;ACTIONS MONDE GDES CAP.;5;1,60%;0,80%;2,40%
LU2358392376;Varenne UCITS - Varenne Valeur A EUR Acc;Varenne Capital Partners;ACTIONS EUROPE GDES CAP. MIXTE;3;1,79%;0,60%;2,39%
LU2382957772;Schroder International Selection Fund Global Sustainable Growth A Accumulation EUR;Schroder Investment Management (Europe) S.A.;ACTIONS MONDE GDES CAP.;4;1,30%;0,60%;1,90%
LU2446381555;BNP Paribas Easy ESG Eurozone Biodiversity Leaders PAB UCITS ETF;BNP Paribas Asset Management Luxembourg;ACTIONS EUROPE ZONE EURO;4;0,23%;0,60%;0,83%
LU2611731824;Amundi Index Solutions - Amundi NYSE Arca Gold BUGS UCITS ETF USD Distributing;Amundi Luxembourg S.A.;ACTIONS SECTEUR METAUX PRECIEUX;6;0,55%;0,60%;1,15%
LU2719174067;BlackRock Global Funds - Emerging Markets Ex-China Fund A2 Hedged EUR Acc;BlackRock (Luxembourg) SA;ACTIONS MARCHÉS EMERGENTS MONDE;4;0,00%;0,60%;0,60%
LU2809794220;Carmignac Portfolio Tech Solutions A EUR Acc;Carmignac Gestion Luxembourg S.A.;THEMATIQUES TECHNOLOGIE;4;2,00%;0,60%;2,60%
LU3077229097;DNCA Invest Global New World Class B Shares EUR;DNCA Finance;ACTIONS MONDE GDES CAP.;5;2,25%;0,60%;2,85%
MS0000000009;H2O MULTIEQUITIES SP R M;H2O AM EUROPE;ACTIONS MONDE GDES CAP.;7;0,75%;0,60%;1,35%
FR0000098683;Lazard Convertible Global PC EUR;Lazard Frères Gestion;CONVERTIBLES INTERNATIONALES;3;0,85%;0,60%;1,45%
FR0000980427;Keren Patrimoine C;Keren Finance;ALLOCATION D'ACTIFS EUR PRUDENTE;3;1,50%;0,60%;2,10%
FR0000981458;R-co Opal Equilibre;Rothschild & Co Asset Management;ALLOCATION D'ACTIFS INTERNATIONALE MODEREE;4;1,40%;0,60%;2,00%
FR0007009139;R Conviction Convertibles Europe;Rothschild & Co Asset Management;CONVERTIBLES EUR;3;1,40%;0,60%;2,00%
FR0007028907;R-co Opal Modéré C EUR;Rothschild & Co Asset Management;ALLOCATION D'ACTIFS INTERNATIONALE PRUDENTE;3;1,14%;0,60%;1,74%
FR0007051040;Eurose C;DNCA Finance;ALLOCATION D'ACTIFS EUR PRUDENTE;3;1,40%;0,60%;2,00%
FR0007072160;Trusteam Optimum R;Auris Gestion;ALLOCATION D'ACTIFS EUR PRUDENTE;2;1,20%;0,60%;1,80%
FR0007078589;Sycomore Allocation Patrimoine R;Sycomore Asset Management;ALLOCATION D'ACTIFS INTERNATIONALE MODEREE;3;1,60%;0,60%;2,20%
FR0007495049;HMG Rendement D;HMG Finance;ALLOCATION D'ACTIFS EUR MODEREE;4;1,98%;0,60%;2,58%
FR0010041822;Edmond de Rothschild Patrimoine A;Edmond de Rothschild Asset Management (France);ALLOCATION D'ACTIFS EUR PRUDENTE;3;1,35%;0,60%;1,95%
FR0010097642;CPR Croissance Dynamique P;CPR Asset Management;ALLOCATION D'ACTIFS INTERNATIONALE TACTIQUE;4;1,52%;0,60%;2,12%
FR0010097667;CPR Croissance Défensive P;CPR Asset Management;ALLOCATION D'ACTIFS INTERNATIONALE PRUDENTE;2;1,15%;0,60%;1,75%
FR0010097683;CPR Croissance Réactive P;CPR Asset Management;DIVERSIFIES INTERNATIONAUX FLEXIBLES;3;1,35%;0,60%;1,95%
FR0010113894;GF Fidélité P;Generali Asset Management S.p.A. Società di gestione del risparmio;ALLOCATION D'ACTIFS EUR PRUDENTE;3;1,25%;0,60%;1,85%
FR0010121137;Montségur Patrimoine C;Montségur Finance;DIVERSIFIES EUR FLEXIBLES;3;1,38%;0,60%;1,98%
FR0010135103;Carmignac Patrimoine A EUR Acc;Carmignac Gestion;ALLOCATION D'ACTIFS INTERNATIONALE MODEREE;3;1,50%;0,60%;2,10%
FR0010147603;Carmignac Investissement Latitude A EUR Acc;Carmignac Gestion;DIVERSIFIES INTERNATIONAUX FLEXIBLES;3;2,00%;0,60%;2,60%
FR0010149179;Carmignac Absolute Return Europe A EUR Acc;Carmignac Gestion;PERFORMANCE ABSOLUE EUR;3;2,00%;0,60%;2,60%
FR0010149203;Carmignac Multi Expertise A EUR Acc;Carmignac Gestion;ALLOCATION D'ACTIFS INTERNATIONALE MODEREE;3;1,50%;0,60%;2,10%
FR0010225052;La Française Carbon Impact Global Government Bonds R;Credit Mutuel Asset Management;OBLIGATIONS INTERNATIONALES FLEXIBLES;2;0,82%;0,60%;1,42%
FR0010286013;Sextant Grand Large A;Amiral Gestion;DIVERSIFIES INTERNATIONAUX FLEXIBLES;3;1,70%;0,60%;2,30%
FR0010291187;Zenith Equilibre Monde E;Zenith AM;DIVERSIFIES EUR FLEXIBLES;3;1,70%;0,60%;2,30%
FR0010292920;Arkéa Select - Equilibre P;Arkéa Asset Management;ALLOCATION D'ACTIFS EUR MODEREE;3;1,60%;0,60%;2,20%
FR0010308825;Swiss Life Funds (F) Multi Asset Moderate P;Swiss Life Asset Managers France;ALLOCATION D'ACTIFS INTERNATIONALE PRUDENTE;3;1,20%;0,60%;1,80%
FR0010359323;CM-AM Alizés Tempéré RC;Credit Mutuel Asset Management;ALLOCATION D'ACTIFS EUR MODEREE;2;1,55%;0,60%;2,15%
FR0010363366;Sycomore L/S Opportunities R;Sycomore Asset Management;PERFORMANCE ABSOLUE EUR;3;1,80%;0,60%;2,40%
FR0010400762;Moneta Long Short A;Moneta Asset Management;PERFORMANCE ABSOLUE EUR;3;1,50%;0,60%;2,10%
FR0010434019;Echiquier Patrimoine A;La Financière de l'Echiquier;ALLOCATION D'ACTIFS EUR PRUDENTE;2;1,00%;0,60%;1,60%
FR0010487512;Tailor Allocation Defensive C;Tailor AM;ALLOCATION D'ACTIFS EUR PRUDENTE;3;1,70%;0,60%;2,30%
FR0010537423;R Club F;Rothschild & Co Asset Management;DIVERSIFIES EUR FLEXIBLES;4;1,90%;0,60%;2,50%
FR0010557967;Dorval Convictions RC;Dorval Asset Management;DIVERSIFIES EUR FLEXIBLES;4;1,60%;0,60%;2,20%
FR0010564351;Ofi Invest ESG MultiTrack R;OFI Invest Asset Management;DIVERSIFIES INTERNATIONAUX FLEXIBLES;3;1,50%;0,60%;2,10%
FR0010611293;Echiquier Arty SRI A;La Financière de l'Echiquier;ALLOCATION D'ACTIFS EUR PRUDENTE;3;1,50%;0,60%;2,10%
FR0010626184;Agir avec la Fondation Abbé Pierre;Ecofi Investissements;ALLOCATION D'ACTIFS EUR PRUDENTE;2;0,10%;0,60%;0,70%
FR0010738120;Sycomore Partners P;Sycomore Asset Management;DIVERSIFIES EUR FLEXIBLES;3;1,50%;0,60%;2,10%
FR0010771055;Schelcher Convertible P;Arkéa Asset Management;CONVERTIBLES EUR;3;1,40%;0,60%;2,00%
FR0011070358;Arkéa Multi Patrimoine P;Arkéa Asset Management;DIVERSIFIES INTERNATIONAUX FLEXIBLES;3;2,00%;0,60%;2,60%
FR0011153014;Ginjer Actifs 360 A;Ginjer AM;DIVERSIFIES EUR FLEXIBLES;4;1,85%;0,60%;2,45%
FR0011199371;Amundi Equilibre Climat C;Amundi Asset Management;DIVERSIFIES INTERNATIONAUX FLEXIBLES;3;2,17%;0,60%;2,77%
FR0011253624;R-co Valor C EUR;Rothschild & Co Asset Management;DIVERSIFIES INTERNATIONAUX FLEXIBLES;4;1,45%;0,60%;2,05%
FR0011845650;Tailor Allocation Reactive C;Tailor AM;ALLOCATION D'ACTIFS EUR MODEREE;3;1,90%;0,60%;2,50%
FR0012127389;Tikehau Equity Selection R Acc EUR;Tikehau Investment Management;ACTIONS MONDE GDES CAP.;4;1,80%;0,60%;2,40%
FR0012355139;Lazard Patrimoine SRI RC EUR;Lazard Frères Gestion;ALLOCATION D'ACTIFS INTERNATIONALE PRUDENTE;3;1,42%;0,60%;2,02%
FR0013215944;Arkéa Ethi-Patrimoine I;Arkéa Asset Management;ALLOCATION D'ACTIFS EUR PRUDENTE;2;0,80%;0,60%;1,40%
FR0013293552;Iken A;Sanso Investment Solutions;ALLOCATION D'ACTIFS EUR MODEREE;3;1,30%;0,60%;1,90%
FR0013300084;Asian Convictions R;OTEA Capital;ACTIONS ASIE-PACIFIQUE HORS JAPON;4;1,40%;0,60%;2,00%
FR0013367265;R-co Valor Balanced C EUR;Rothschild & Co Asset Management;ALLOCATION D'ACTIFS INTERNATIONALE MODEREE;3;1,30%;0,60%;1,90%
FR0013420502;Keren Diapason C;Keren Finance;ALLOCATION D'ACTIFS EUR MODEREE;3;1,30%;0,60%;1,90%
FR0013433505;Echiquier Allocation Flexible B;La Financière de l'Echiquier;DIVERSIFIES INTERNATIONAUX FLEXIBLES;3;2,00%;0,60%;2,60%
FR0013528478;Mandarine Global Property C;Mandarine Gestion;IMMOBILIER - INDIRECT MONDE;5;1,65%;0,60%;2,25%
FR001400H8R3;Agilis I;OTEA Capital;ALLOCATION D'ACTIFS EUR MODEREE;4;1,50%;0,60%;2,10%
FR001400MUT2;Asian Convictions I;OTEA Capital;ACTIONS ASIE-PACIFIQUE HORS JAPON;4;1,20%;0,80%;2,00%
IE0004445015;Janus Henderson Capital Funds plc - Balanced Fund Class A2 USD;Janus Henderson Investors;DIVERSIFIES INTERNATIONAUX EQUILIBRES;4;1,00%;0,60%;1,60%
IE00BLP5S460;JupiterMerian Global Equity Absolute Return Fund L (EUR) Hedged Acc;Jupiter Asset Management (Europe) Limited;PERFORMANCE ABSOLUE INTERNATIONALE;2;1,50%;0,60%;2,10%
LU0068578508;First Eagle Amundi International Fund Class AU-C Shares;First Eagle Investment Management, LLC;DIVERSIFIES INTERNATIONAUX DYNAMIQUES;4;2,00%;0,60%;2,60%
LU0070212591;JPMorgan Investment Funds - Global Balanced Fund A (acc) - EUR;JPMorgan Asset Management (Europe) S.à r.l.;ALLOCATION D'ACTIFS INTERNATIONALE MODEREE;3;1,45%;0,60%;2,05%
LU0129412937;JPM Funds - Global Convertibles Fund (EUR) D (acc) - EUR;JPMorgan Asset Management (Europe) S.à r.l.;CONVERTIBLES INTERNATIONALES;4;1,25%;0,60%;1,85%
LU0179866438;AXA World Funds - Optimal Income A Capitalisation EUR pf;AXA Investment Managers Paris S.A.;DIVERSIFIES EUR FLEXIBLES;4;1,20%;0,60%;1,80%
LU0227384020;Nordea 1 - Stable Return Fund BP EUR;Nordea Investment Funds SA;ALLOCATION D'ACTIFS INTERNATIONALE MODEREE;3;1,50%;0,60%;2,10%
LU0243957742;Invesco Funds - Invesco Pan European High Income Fund E Accumulation EUR;Invesco Management S.A.;ALLOCATION D'ACTIFS EUR PRUDENTE;3;1,75%;0,60%;2,35%
LU0284394821;DNCA Invest Évolutif B EUR;DNCA Finance;ALLOCATION D'ACTIFS EUR MODEREE;3;2,40%;0,60%;3,00%
LU0401809073;DNCA Invest Convertibles Class A shares EUR;DNCA Finance;CONVERTIBLES EUR;3;1,60%;0,60%;2,20%
LU0431139764;Ethna-AKTIV T;ETHENEA Independent Investors S.A.;ALLOCATION D'ACTIFS INTERNATIONALE PRUDENTE;3;1,70%;0,60%;2,30%
LU0512121004;DNCA Invest Eurose Class B shares EUR;DNCA Finance;ALLOCATION D'ACTIFS EUR PRUDENTE;3;1,60%;0,60%;2,20%
LU0592698954;Carmignac Portfolio Emerging Patrimoine A EUR Acc;Carmignac Gestion Luxembourg S.A.;DIVERSIFIES INTERNATIONAUX EQUILIBRES;3;1,50%;0,60%;2,10%
LU0616900774;Exane Funds 2 Exane Pleiade Fund B EUR Accumulation;Exane Asset Management;PERFORMANCE ABSOLUE EUR;2;2,00%;0,60%;2,60%
LU0641745681;DNCA Invest ONE Class B shares EUR;DNCA Finance;PERFORMANCE ABSOLUE EUR;3;1,80%;0,60%;2,40%
LU0740858492;JPMorgan Investment Funds - Global Income Fund D (acc) -;JPMorgan Asset Management (Europe) S.à r.l.;ALLOCATION D'ACTIFS INTERNATIONALE MODEREE;3;1,25%;0,60%;1,85%
LU0941349192;Pictet-Multi Asset Global Opportunities P EUR;Pictet Asset Management (Europe) SA;ALLOCATION D'ACTIFS INTERNATIONALE PRUDENTE;3;1,35%;0,60%;1,95%
LU0972618812;JPMorgan Funds - Total Emerging Markets Income Fund D (acc) - EUR;JPMorgan Asset Management (Europe) S.à r.l.;DIVERSIFIES INTERNATIONAUX EQUILIBRES;3;1,25%;0,60%;1,85%
LU0987487336;Fidelity Funds - Global Multi Asset Income Fund A-Acc-EUR (hedged);Fidelity (FIL Inv Mgmt (Lux) S.A.);DIVERSIFIES INTERNATIONAUX EQUILIBRES;3;1,25%;0,60%;1,85%
LU0992632538;Edmond de Rothschild Fund - Income Europe A EUR;Edmond de Rothschild Asset Management (Lux);ALLOCATION D'ACTIFS EUR PRUDENTE;3;1,30%;0,60%;1,90%
LU1100076550;Clartan Valeurs C;Clartan Associés;DIVERSIFIES EUR FLEXIBLES;4;1,80%;0,60%;2,40%
LU1100077103;Clartan Flexible C;Clartan Associés;DIVERSIFIES EUR FLEXIBLES;3;1,60%;0,60%;2,20%
LU1100077442;Clartan Patrimoine C;Clartan Associés;ALLOCATION D'ACTIFS EUR PRUDENTE;2;0,90%;0,60%;1,50%
LU1162516477;BlackRock Global Funds - Global Multi-Asset Income Fund A2;BlackRock (Luxembourg) SA;DIVERSIFIES INTERNATIONAUX EQUILIBRES;3;1,50%;0,60%;2,10%
LU1514167722;Schroder International Selection Fund Global Credit Income A Accumulation EUR Hedged;Schroder Investment Management (Europe) S.A.;OBLIGATIONS INTERNATIONALES FLEXIBLES;3;1,10%;0,60%;1,70%
LU1582988058;M&G (Lux) Dynamic Allocation Fund EUR A Acc;M&G Luxembourg S.A.;DIVERSIFIES INTERNATIONAUX FLEXIBLES;3;1,75%;0,60%;2,35%
LU1585265066;Tikehau Short Duration Fund R EUR Acc;Tikehau Investment Management;OBLIGATIONS D'ENTREPRISE EUR COURT TERME;2;1,00%;0,60%;1,60%
LU1670724373;M&G (Lux) Optimal Income Fund EUR A Acc;M&G Luxembourg S.A.;DIVERSIFIES INTERNATIONAUX PRUDENTS;3;1,25%;0,60%;1,85%
LU1701702703;Invesco Funds - Invesco Sustainable Allocation Fund E (Accumulation) EUR;Invesco Management S.A.;ALLOCATION D'ACTIFS INTERNATIONALE MODEREE;3;1,20%;0,60%;1,80%
LU1813288351;LFIS Vision UCITS Quant Global Allocation Strategy R EUR Acc;LFIS Capital;PERFORMANCE ABSOLUE INTERNATIONALE;3;1,20%;0,60%;1,80%
LU1864504425;ODDO BHF Exklusiv: Polaris Balanced CRW-EUR;ODDO BHF Asset Management Lux;ALLOCATION D'ACTIFS INTERNATIONALE MODEREE;3;2,00%;0,60%;2,60%
LU1900799617;M&G (Lux) Sustainable Allocation Fund EUR A Acc;M&G Luxembourg S.A.;ALLOCATION D'ACTIFS INTERNATIONALE MODEREE;3;1,50%;0,60%;2,10%
LU1907594748;DNCA Invest Beyond Alterosa A;DNCA Finance;ALLOCATION D'ACTIFS EUR MODEREE;3;1,40%;0,60%;2,00%
LU2147879543;Tikehau International Cross Assets R EUR Acc;Tikehau Investment Management;DIVERSIFIES INTERNATIONAUX FLEXIBLES;3;1,50%;0,60%;2,10%
LU2358389745;Varenne UCITS - Varenne Global A EUR Accumulation;Varenne Capital Partners;DIVERSIFIES INTERNATIONAUX FLEXIBLES;4;1,95%;0,60%;2,55%
LU2661119755;DNCA Invest Évolutif C EUR;DNCA Finance;ALLOCATION D'ACTIFS EUR MODEREE;3;2,20%;0,60%;2,80%
MS0000000000;H2O MODERATO SP R M 20;H2O AM EUROPE;ALLOCATION D'ACTIFS INTERNATIONALE TACTIQUE;6;0,60%;0,60%;1,20%
MS0000000001;H2O ADAGIO SP SR M;H2O AM EUROPE;OBLIGATIONS INTERNATIONALES FLEXIBLES;4;0,36%;0,60%;0,96%
MS0000000002;H2O MODERATO SP SR M 2;H2O AM EUROPE;ALLOCATION D'ACTIFS INTERNATIONALE TACTIQUE;6;0,56%;0,60%;1,16%
MS0000000007;H2O MULTISTRATEGIES SP R M;H2O AM EUROPE;DIVERSIFIES INTERNATIONAUX FLEXIBLES;7;0,65%;0,60%;1,25%
BE0058187841;DPAM B - Real Estate Europe Sustainable B Cap;Degroof Petercam Asset Management SA;IMMOBILIER - INDIRECT EUROPE;5;1,60%;0,60%;2,20%
FR0000172041;AXA Aedificandi AC;AXA Reim SGP;IMMOBILIER - INDIRECT EUROPE;5;2,39%;0,60%;2,99%
FR0000972655;Amundi Actions Foncier P D;Amundi Asset Management;IMMOBILIER - INDIRECT EUROPE;5;1,50%;0,60%;2,10%
FR0010541821;Immobilier 21 AC;Gestion 21;IMMOBILIER - INDIRECT EUROPE;5;2,20%;0,60%;2,80%
FR0011066802;OPCI OPCIMMO P;Amundi Immobilier;IMMOBILIER - INDIRECT EUROPE;2;2,10%;0,60%;2,70%
FR0011513563;OPCI BNP Paribas Diversipierre P;BNP Paribas Real Estate Investment Management France;IMMOBILIER - INDIRECT EUROPE;2;1,50%;0,60%;2,10%
FR0013219722;OPCI Swisslife Dynapierre P;Swiss Life Asset Managers France;IMMOBILIER - INDIRECT EUROPE;2;2,00%;0,60%;2,60%
FR0013260262;OPCI Sofidy Pierre Europe A;Sofidy;IMMOBILIER - INDIRECT EUROPE;2;2,25%;0,60%;2,85%
FR0013466117;SC SOFIDY CONVICTIONS IMMO;SOFIDY;IMMOBILIER - INDIRECT EUROPE;2;0,00%;0,60%;0,60%
FR0013526100;SCI SILVER AVENIR;ARKEA REIM;IMMOBILIER - INDIRECT EUROPE;3;3,19%;0,60%;3,79%
FR0014000F47;SC PYTHAGORE;THEOREIM;IMMOBILIER - INDIRECT EUROPE;3;3,09%;0,60%;3,69%
FR0014002KE1;SC NOVAXIA R PART A;NOVAXIA SAS;IMMOBILIER - INDIRECT EUROPE;3;1,04%;0,60%;1,64%
FR0014002MX7;SCI PERIAL EURO CARBONE;PERIAL ASSET MANAGEMENT;IMMOBILIER - INDIRECT EUROPE;3;0,87%;0,60%;1,47%
FR0014007X71;SC ESG TENDANCES PIERRE;SWISS LIFE AM FRANCE;IMMOBILIER - INDIRECT EUROPE;3;3,20%;0,60%;3,80%
FR0014009XS9;Pierre Impact;BNP Paribas Real Estate Investment Management France;IMMOBILIER - INDIRECT EUROPE;2;3,39%;0,60%;3,99%
FR001400A217;SCI TERRITOIRES AVENIR;ARKEA REIM;IMMOBILIER - INDIRECT EUROPE;2;3,16%;0,60%;3,76%
FR001400C4M8;SCI LINASENS;PRIMONIAL REIM;IMMOBILIER - INDIRECT EUROPE;3;1,96%;0,60%;2,56%
FR001400DFQ8;SC KEYS SELECTION VIE;KEYS REIM;IMMOBILIER - INDIRECT EUROPE;3;2,65%;0,60%;3,25%
FR001400EGA8;SCPI TRANSITION EUROPE;ARKEA REIM;IMMOBILIER - INDIRECT EUROPE;3;1,19%;0,60%;1,79%
FR001400TMJ5;SCPI MOMENTIME;ARKEA REIM;IMMOBILIER - INDIRECT EUROPE;3;0,35%;0,60%;0,95%
LU0266012409;AXA World Funds - Global Real Estate E Capitalisation EUR;AXA Investment Managers Paris S.A.;IMMOBILIER - INDIRECT MONDE;4;2,00%;0,60%;2,60%
QS0002005277;SCI Capimmo;PRIMONIAL REIM;IMMOBILIER - INDIRECT EUROPE;3;3,34%;0,60%;3,94%
QS0002005285;SCPI PRIMOPIERRE;PRIMONIAL REIM;IMMOBILIER - INDIRECT EUROPE;3;1,28%;0,60%;1,88%
QS0002005299;SCPI PATRIMMO COMMERCE;PRIMONIAL REIM;IMMOBILIER - INDIRECT EUROPE;4;1,79%;0,60%;2,39%
QS0002005324;SCPI PRIMOVIE;PRIMONIAL REIM;IMMOBILIER - INDIRECT EUROPE;3;2,04%;0,60%;2,64%
QS0002005338;SCPI LAFFITTE PIERRE;CILOGER;IMMOBILIER - INDIRECT EUROPE;3;1,24%;0,60%;1,84%
QS0002005346;SCPI RIVOLI AVENIR PATRIMOINE;AMUNDI IMMOBILIER;IMMOBILIER - INDIRECT EUROPE;3;1,88%;0,60%;2,48%
QS0002005625;SCPI ATOUT PIERRE DIVERSIFICAT;CILOGER;IMMOBILIER - INDIRECT EUROPE;3;1,90%;0,60%;2,50%
QS0002005629;SCPI REMAKE LIVE;REMAKE ASSET MANAGEMENT;IMMOBILIER - INDIRECT EUROPE;3;2,01%;0,60%;2,61%
QS0002005708;SCPI PATRIMMO CROISSANCE IMPACT;PRIMONIAL REIM;IMMOBILIER - INDIRECT EUROPE;3;0,65%;0,60%;1,25%
QS0002006003;SCPI EFIMMO;SOFIDY;IMMOBILIER - INDIRECT EUROPE;3;2,24%;0,60%;2,84%
QS0002006011;SCPI IMMORENTE;SOFIDY;IMMOBILIER - INDIRECT EUROPE;3;1,85%;0,60%;2,45%
QS0002006342;SCPI PRIMOFAMILY;PRIMONIAL REIM;IMMOBILIER - INDIRECT EUROPE;3;3,18%;0,60%;3,78%
QS0002006359;SCPI PFO2;PERIAL ASSET MANAGEMENT;IMMOBILIER - INDIRECT EUROPE;3;1,24%;0,60%;1,84%
FR0013202108;Nextstage Croissance;Nextstage AM;SECTEUR TRANSITION ENERGETIQUE;6;0,00%;0,60%;0,60%
FR0013222353;Isatis Capital Vie & Retraite A Renseigner 56509;Isatis Capital;DIVERSIFIES;3;2,75%;0,60%;3,35%
FR0013301553;Eurazeo Private Value Europe 3 C;Eurazeo Investment Manager;DIVERSIFIES;3;1,80%;0,60%;2,40%
FR0013533619;FCPR Apeo A;Seven2;DIVERSIFIES;6;2,50%;0,60%;3,10%
FR001400AUA7;FCPR ARDIAN ACCESS SOLUTION;ARDIAN;DIVERSIFIES;6;1,90%;0,60%;2,50%
FR001400BCG0;Eiffel Infrastructures Vertes C;Eiffel Investment Group;SECTEUR INFRASTRUCTURES;3;2,15%;0,60%;2,75%
FR001400DOB2;FCPR MIROVA GREEN IMP PRIV EQU;NATIXIS GLOBAL AM;DIVERSIFIES;6;2,70%;0,60%;3,30%
FR001400HLW5;FCPR TIKEHAU FINANCEMENT DECA;TIKEHAU INVESTMENT MANAGEMENT;DIVERSIFIES;3;1,50%;0,60%;2,10%
FR001400JH55;EdR Private Equity Opportunities A;Edmond de Rothschild Private Equity (France);DIVERSIFIES;7;3,80%;0,60%;4,40%
FR001400K5J1;FCPR ELEVATION MIRIAD-VIE A;ELEVATION CAPITAL PARTNERS;DIVERSIFIES;6;1,40%;0,60%;2,00%
FR001400NFF0;FCPR MULTI STRATEGIES 2 - PART A;PAMS;DIVERSIFIES;6;1,80%;0,60%;2,40%
FR001400ROU2;FCPR ODDO BHF Global Private Equity A1;ODDO BHF Asset Management SAS;DIVERSIFIES;6;2,00%;0,80%;2,80%
FR001400ROV0;FCPR ODDO BHF Global Private Equity A2;ODDO BHF Asset Management SAS;DIVERSIFIES;6;2,00%;0,60%;2,60%
FR001400YDJ4;EPOPEE INFRA CLIMAT CO-INVEST I;EPOPEE GESTION;SECTEUR INFRASTRUCTURES;6;2,50%;0,60%;3,10%
